source,target,category,status,source_host
/,/da/,root,configured,
/{lang}/roi/calculator/results/,/{lang}/roi/calculator/,runtime,configured,
/arbejdsstationer/,/da/moduler/space-management/,bare-path,configured,
/book-en-demo/,/da/kontakt/book-demo/,bare-path,configured,
/cafm/,/da/brancher/fm-companies/,bare-path,configured,
/case-kategori/indeklima/,/da/case-studies/,bare-path,configured,
/case-kategori/space-management/,/da/case-studies/,bare-path,configured,
/case/archdiocese-of-freiburg/,/da/case-studies/archdiocese-of-freiburg/,legacy-case-singular,configured,
/case/boligselskabet-sjaelland/,/da/case-studies/boligselskabet-sjaelland/,legacy-case-singular,configured,
/case/dansk-industri/,/da/case-studies/dansk-industri/,legacy-case-singular,configured,
/case/data-skal-dimensionere-nyt-raadhus-rigtigt/,/da/case-studies/gribskov-kommune/,legacy-case-singular,configured,
/case/deutches-museum-nordschleswig/,/da/case-studies/deutsches-museum-nordschleswig/,legacy-case-singular,configured,
/case/deutsches-museum-nordschleswig/,/da/case-studies/deutsches-museum-nordschleswig/,legacy-case-singular,configured,
/case/erzdioezese-freiburg/,/da/case-studies/archdiocese-of-freiburg/,legacy-case-singular,configured,
/case/evangelische-kirche-in-hessen-und-nassau/,/da/case-studies/evangelische-kirche-in-hessen-und-nassau/,legacy-case-singular,configured,
/case/faaborg-museum/,/da/case-studies/faaborg-museum/,legacy-case-singular,configured,
/case/gribskov-kommune-indoor-climate/,/da/case-studies/gribskov-kommune-indoor-climate/,legacy-case-singular,configured,
/case/gribskov-kommune/,/da/case-studies/gribskov-kommune/,legacy-case-singular,configured,
/case/hj-energi/,/da/case-studies/hj-energi/,legacy-case-singular,configured,
/case/holbaek-kommune/,/da/case-studies/holbaek-kommune/,legacy-case-singular,configured,
/case/kommune-norddjurs/,/da/case-studies/norddjurs-kommune/,legacy-case-singular,configured,
/case/kommune-varde/,/da/case-studies/varde-kommune/,legacy-case-singular,configured,
/case/norddjurs-kommun/,/da/case-studies/norddjurs-kommune/,legacy-case-singular,configured,
/case/norddjurs-kommune/,/da/case-studies/norddjurs-kommune/,legacy-case-singular,configured,
/case/rudersdal-museer/,/da/case-studies/rudersdal-museer/,legacy-case-singular,configured,
/case/skade-teknik/,/da/case-studies/skade-teknik/,legacy-case-singular,configured,
/case/solroed-kommune/,/da/case-studies/solroed-kommune/,legacy-case-singular,configured,
/case/sweco-6/,/da/case-studies/sweco/,legacy-case-singular,configured,
/case/sweco/,/da/case-studies/sweco/,legacy-case-singular,configured,
/case/varde-kommun/,/da/case-studies/varde-kommune/,legacy-case-singular,configured,
/case/varde-kommune-3/,/da/case-studies/varde-kommune/,legacy-case-singular,configured,
/case/varde-kommune/,/da/case-studies/varde-kommune/,legacy-case-singular,configured,
/case/vejen-kommune/,/da/case-studies/vejen-kommune/,legacy-case-singular,configured,
/case/zealand-erhvervsakademi/,/da/case-studies/zealand-erhvervsakademi/,legacy-case-singular,configured,
/cases/,/da/case-studies/,case-studies,configured,
/cases/archdiocese-of-freiburg/,/da/case-studies/archdiocese-of-freiburg/,case-studies,configured,
/cases/boligselskabet-sjaelland/,/da/case-studies/boligselskabet-sjaelland/,case-studies,configured,
/cases/dansk-industri/,/da/case-studies/dansk-industri/,case-studies,configured,
/cases/deutsches-museum-nordschleswig/,/da/case-studies/deutsches-museum-nordschleswig/,case-studies,configured,
/cases/evangelische-kirche-in-hessen-und-nassau/,/da/case-studies/evangelische-kirche-in-hessen-und-nassau/,case-studies,configured,
/cases/faaborg-museum/,/da/case-studies/faaborg-museum/,case-studies,configured,
/cases/gribskov-kommune-indoor-climate/,/da/case-studies/gribskov-kommune-indoor-climate/,case-studies,configured,
/cases/gribskov-kommune/,/da/case-studies/gribskov-kommune/,case-studies,configured,
/cases/hj-energi/,/da/case-studies/hj-energi/,case-studies,configured,
/cases/holbaek-kommune/,/da/case-studies/holbaek-kommune/,case-studies,configured,
/cases/norddjurs-kommune/,/da/case-studies/norddjurs-kommune/,case-studies,configured,
/cases/rudersdal-museer/,/da/case-studies/rudersdal-museer/,case-studies,configured,
/cases/skade-teknik/,/da/case-studies/skade-teknik/,case-studies,configured,
/cases/solroed-kommune/,/da/case-studies/solroed-kommune/,case-studies,configured,
/cases/sweco/,/da/case-studies/sweco/,case-studies,configured,
/cases/varde-kommune/,/da/case-studies/varde-kommune/,case-studies,configured,
/cases/vejen-kommune/,/da/case-studies/vejen-kommune/,case-studies,configured,
/cases/zealand-erhvervsakademi/,/da/case-studies/zealand-erhvervsakademi/,case-studies,configured,
/da/about/d-label/,/da/om-os/trust-center/,about,configured,
/da/about/d-maerket/,/da/om-os/trust-center/,about,configured,
/da/blog/,/da/artikler/,blog,configured,
/da/blog/en-15757-in-practice/,/da/artikler/en-15757-in-practice/,blog,configured,
/da/blog/rollout-in-varde-municipality/,/da/artikler/rollout-in-varde-municipality/,blog,configured,
/da/blog/welcome-to-the-iot-fabrikken-blog/,/da/artikler/,blog,configured,
/da/case-studies/data-skal-dimensionere-nyt-raadhus-rigtigt/,/da/case-studies/gribskov-kommune/,case-studies,configured,
/da/case-studies/deutches-museum-nordschleswig/,/da/case-studies/deutsches-museum-nordschleswig/,case-studies,configured,
/da/case-studies/erzdioezese-freiburg/,/da/case-studies/archdiocese-of-freiburg/,case-studies,configured,
/da/case-studies/kommune-norddjurs/,/da/case-studies/norddjurs-kommune/,case-studies,configured,
/da/case-studies/kommune-varde/,/da/case-studies/varde-kommune/,case-studies,configured,
/da/case-studies/norddjurs-kommun/,/da/case-studies/norddjurs-kommune/,case-studies,configured,
/da/case-studies/sweco-6/,/da/case-studies/sweco/,case-studies,configured,
/da/case-studies/varde-kommun/,/da/case-studies/varde-kommune/,case-studies,configured,
/da/case-studies/varde-kommune-3/,/da/case-studies/varde-kommune/,case-studies,configured,
/da/case/archdiocese-of-freiburg/,/da/case-studies/archdiocese-of-freiburg/,legacy-case-singular,configured,
/da/case/boligselskabet-sjaelland/,/da/case-studies/boligselskabet-sjaelland/,legacy-case-singular,configured,
/da/case/dansk-industri/,/da/case-studies/dansk-industri/,legacy-case-singular,configured,
/da/case/data-skal-dimensionere-nyt-raadhus-rigtigt/,/da/case-studies/gribskov-kommune/,legacy-case-singular,configured,
/da/case/deutches-museum-nordschleswig/,/da/case-studies/deutsches-museum-nordschleswig/,legacy-case-singular,configured,
/da/case/deutsches-museum-nordschleswig/,/da/case-studies/deutsches-museum-nordschleswig/,legacy-case-singular,configured,
/da/case/erzdioezese-freiburg/,/da/case-studies/archdiocese-of-freiburg/,legacy-case-singular,configured,
/da/case/evangelische-kirche-in-hessen-und-nassau/,/da/case-studies/evangelische-kirche-in-hessen-und-nassau/,legacy-case-singular,configured,
/da/case/faaborg-museum/,/da/case-studies/faaborg-museum/,legacy-case-singular,configured,
/da/case/gribskov-kommune-indoor-climate/,/da/case-studies/gribskov-kommune-indoor-climate/,legacy-case-singular,configured,
/da/case/gribskov-kommune/,/da/case-studies/gribskov-kommune/,legacy-case-singular,configured,
/da/case/hj-energi/,/da/case-studies/hj-energi/,legacy-case-singular,configured,
/da/case/holbaek-kommune/,/da/case-studies/holbaek-kommune/,legacy-case-singular,configured,
/da/case/kommune-norddjurs/,/da/case-studies/norddjurs-kommune/,legacy-case-singular,configured,
/da/case/kommune-varde/,/da/case-studies/varde-kommune/,legacy-case-singular,configured,
/da/case/norddjurs-kommun/,/da/case-studies/norddjurs-kommune/,legacy-case-singular,configured,
/da/case/norddjurs-kommune/,/da/case-studies/norddjurs-kommune/,legacy-case-singular,configured,
/da/case/rudersdal-museer/,/da/case-studies/rudersdal-museer/,legacy-case-singular,configured,
/da/case/skade-teknik/,/da/case-studies/skade-teknik/,legacy-case-singular,configured,
/da/case/solroed-kommune/,/da/case-studies/solroed-kommune/,legacy-case-singular,configured,
/da/case/sweco-6/,/da/case-studies/sweco/,legacy-case-singular,configured,
/da/case/sweco/,/da/case-studies/sweco/,legacy-case-singular,configured,
/da/case/varde-kommun/,/da/case-studies/varde-kommune/,legacy-case-singular,configured,
/da/case/varde-kommune-3/,/da/case-studies/varde-kommune/,legacy-case-singular,configured,
/da/case/varde-kommune/,/da/case-studies/varde-kommune/,legacy-case-singular,configured,
/da/case/vejen-kommune/,/da/case-studies/vejen-kommune/,legacy-case-singular,configured,
/da/case/zealand-erhvervsakademi/,/da/case-studies/zealand-erhvervsakademi/,legacy-case-singular,configured,
/da/cases/,/da/case-studies/,case-studies,configured,
/da/events/archivistica/,/da/events/,events,configured,
/da/events/dhbv-verbandstag-2026/,/da/events/,events,configured,
/da/events/mutec-2026/,/da/events/,events,configured,
/da/events/worktech26-stockholm/,/da/events/,events,configured,
/da/library/,/da/artikler/,library,configured,
/da/library/after-hours-door-alarms/,/da/artikler/after-hours-door-alarms/,library,configured,
/da/library/ai-in-facility-management/,/da/artikler/ai-in-facility-management/,library,configured,
/da/library/air-quality-auditoriums/,/da/artikler/air-quality-auditoriums/,library,configured,
/da/library/air-quality-libraries/,/da/artikler/air-quality-libraries/,library,configured,
/da/library/air-quality-sports-halls/,/da/artikler/air-quality-sports-halls/,library,configured,
/da/library/air-quality-trends-over-seasons/,/da/artikler/air-quality-trends-over-seasons/,library,configured,
/da/library/airport-restroom-cleaning-sla/,/da/artikler/airport-restroom-cleaning-sla/,library,configured,
/da/library/alarm-escalation-chains/,/da/artikler/alarm-escalation-chains/,library,configured,
/da/library/alarms-for-indoor-climate/,/da/artikler/alarms-for-indoor-climate/,library,configured,
/da/library/altar-pieces-humidity/,/da/artikler/altar-pieces-humidity/,library,configured,
/da/library/api-authentication-oauth/,/da/artikler/api-authentication-oauth/,library,configured,
/da/library/api-rate-limits/,/da/artikler/api-rate-limits/,library,configured,
/da/library/archive-retrofit-rollout/,/da/artikler/archive-retrofit-rollout/,library,configured,
/da/library/archive-temperature-control/,/da/artikler/archive-temperature-control/,library,configured,
/da/library/art-storage-vault-access/,/da/artikler/art-storage-vault-access/,library,configured,
/da/library/ashrae-62-1-guidance/,/da/artikler/ashrae-62-1-guidance/,library,configured,
/da/library/audit-logs-for-admins/,/da/artikler/audit-logs-for-admins/,library,configured,
/da/library/battery-lifetime-tuning/,/da/artikler/battery-lifetime-tuning/,library,configured,
/da/library/behavioural-energy-savings/,/da/artikler/behavioural-energy-savings/,library,configured,
/da/library/bike-rack-occupancy/,/da/artikler/bike-rack-occupancy/,library,configured,
/da/library/bike-storage-door-status/,/da/artikler/bike-storage-door-status/,library,configured,
/da/library/boiler-cycling-analytics/,/da/artikler/boiler-cycling-analytics/,library,configured,
/da/library/boiler-room-flood-sensors/,/da/artikler/boiler-room-flood-sensors/,library,configured,
/da/library/bookable-zones-dynamic-pricing/,/da/artikler/bookable-zones-dynamic-pricing/,library,configured,
/da/library/br18-indoor-climate/,/da/artikler/br18-indoor-climate/,library,configured,
/da/library/break-room-usage/,/da/artikler/break-room-usage/,library,configured,
/da/library/building-iot-business-case/,/da/artikler/building-iot-business-case/,library,configured,
/da/library/button-battery-lifetime/,/da/artikler/button-battery-lifetime/,library,configured,
/da/library/button-heatmap-analysis/,/da/artikler/button-heatmap-analysis/,library,configured,
/da/library/cafeteria-peak-hours/,/da/artikler/cafeteria-peak-hours/,library,configured,
/da/library/calibration-intervals-explained/,/da/artikler/calibration-intervals-explained/,library,configured,
/da/library/canteen-capacity-planning/,/da/artikler/canteen-capacity-planning/,library,configured,
/da/library/canteen-cleaning-triggers/,/da/artikler/canteen-cleaning-triggers/,library,configured,
/da/library/ce-marking-iot-devices/,/da/artikler/ce-marking-iot-devices/,library,configured,
/da/library/chapel-climate-sensors/,/da/artikler/chapel-climate-sensors/,library,configured,
/da/library/chemical-cabinet-audit-trail/,/da/artikler/chemical-cabinet-audit-trail/,library,configured,
/da/library/chilled-beam-condensation/,/da/artikler/chilled-beam-condensation/,library,configured,
/da/library/choosing-sensor-placement/,/da/artikler/choosing-sensor-placement/,library,configured,
/da/library/church-interior-rh-bands/,/da/artikler/church-interior-rh-bands/,library,configured,
/da/library/classroom-feedback-teachers/,/da/artikler/classroom-feedback-teachers/,library,configured,
/da/library/classroom-timetable-vs-usage/,/da/artikler/classroom-timetable-vs-usage/,library,configured,
/da/library/classroom-ventilation-checklist/,/da/artikler/classroom-ventilation-checklist/,library,configured,
/da/library/cleaning-chemicals-voc/,/da/artikler/cleaning-chemicals-voc/,library,configured,
/da/library/cleaning-cupboard-audit/,/da/artikler/cleaning-cupboard-audit/,library,configured,
/da/library/cleaning-request-buttons-restrooms/,/da/artikler/cleaning-request-buttons-restrooms/,library,configured,
/da/library/cleaning-robot-orchestration/,/da/artikler/cleaning-robot-orchestration/,library,configured,
/da/library/cleaning-sla-via-buttons/,/da/artikler/cleaning-sla-via-buttons/,library,configured,
/da/library/cleaning-team-onboarding/,/da/artikler/cleaning-team-onboarding/,library,configured,
/da/library/climate-control-vestries/,/da/artikler/climate-control-vestries/,library,configured,
/da/library/co-working-end-of-day-cleaning/,/da/artikler/co-working-end-of-day-cleaning/,library,configured,
/da/library/co2-based-hvac-demand-control/,/da/artikler/co2-based-hvac-demand-control/,library,configured,
/da/library/co2-in-meeting-rooms/,/da/artikler/co2-in-meeting-rooms/,library,configured,
/da/library/co2-monitoring-in-schools/,/da/artikler/co2-monitoring-in-schools/,library,configured,
/da/library/cold-storage-door-open-alarms/,/da/artikler/cold-storage-door-open-alarms/,library,configured,
/da/library/comfort-complaints-data-driven/,/da/artikler/comfort-complaints-data-driven/,library,configured,
/da/library/conference-centre-utilisation/,/da/artikler/conference-centre-utilisation/,library,configured,
/da/library/conference-room-issue-reporting/,/da/artikler/conference-room-issue-reporting/,library,configured,
/da/library/cooking-fumes-kitchens/,/da/artikler/cooking-fumes-kitchens/,library,configured,
/da/library/covid-era-density-legacy/,/da/artikler/covid-era-density-legacy/,library,configured,
/da/library/coworking-day-pass-demand/,/da/artikler/coworking-day-pass-demand/,library,configured,
/da/library/coworking-space-optimisation/,/da/artikler/coworking-space-optimisation/,library,configured,
/da/library/crawl-space-humidity-alarms/,/da/artikler/crawl-space-humidity-alarms/,library,configured,
/da/library/crypt-climate-monitoring/,/da/artikler/crypt-climate-monitoring/,library,configured,
/da/library/csrd-scope-1-2-3-data/,/da/artikler/csrd-scope-1-2-3-data/,library,configured,
/da/library/custom-reports-builder/,/da/artikler/custom-reports-builder/,library,configured,
/da/library/daily-cycles-church-climate/,/da/artikler/daily-cycles-church-climate/,library,configured,
/da/library/danish-work-environment-act/,/da/artikler/danish-work-environment-act/,library,configured,
/da/library/data-literacy-facility-managers/,/da/artikler/data-literacy-facility-managers/,library,configured,
/da/library/data-residency-eu/,/da/artikler/data-residency-eu/,library,configured,
/da/library/data-retention-policies/,/da/artikler/data-retention-policies/,library,configured,
/da/library/datacentre-high-availability/,/da/artikler/datacentre-high-availability/,library,configured,
/da/library/delivery-door-temperature/,/da/artikler/delivery-door-temperature/,library,configured,
/da/library/demand-based-cleaning-offices/,/da/artikler/demand-based-cleaning-offices/,library,configured,
/da/library/deployment-timeline-expectations/,/da/artikler/deployment-timeline-expectations/,library,configured,
/da/library/desk-sharing-utilisation/,/da/artikler/desk-sharing-utilisation/,library,configured,
/da/library/dgnb-hvb-score/,/da/artikler/dgnb-hvb-score/,library,configured,
/da/library/dgnb-preservation-documentation/,/da/artikler/dgnb-preservation-documentation/,library,configured,
/da/library/digital-twins-smart-buildings/,/da/artikler/digital-twins-smart-buildings/,library,configured,
/da/library/diocese-onboarding-preservation/,/da/artikler/diocese-onboarding-preservation/,library,configured,
/da/library/dishwasher-overflow-detection/,/da/artikler/dishwasher-overflow-detection/,library,configured,
/da/library/dispenser-refill-signals/,/da/artikler/dispenser-refill-signals/,library,configured,
/da/library/district-heating-optimisation/,/da/artikler/district-heating-optimisation/,library,configured,
/da/library/dust-particles-pm25/,/da/artikler/dust-particles-pm25/,library,configured,
/da/library/dynamic-cleaning-prioritisation/,/da/artikler/dynamic-cleaning-prioritisation/,library,configured,
/da/library/en-15251-historical/,/da/artikler/en-15251-historical/,library,configured,
/da/library/en-15757-explained/,/da/artikler/en-15757-explained/,library,configured,
/da/library/en-15757-in-practice/,/da/artikler/en-15757-in-practice/,library,configured,
/da/library/en-15757-preservation/,/da/artikler/en-15757-preservation/,library,configured,
/da/library/en-16798-explained/,/da/artikler/en-16798-explained/,library,configured,
/da/library/energy-benchmarks-offices/,/da/artikler/energy-benchmarks-offices/,library,configured,
/da/library/energy-benchmarks-schools/,/da/artikler/energy-benchmarks-schools/,library,configured,
/da/library/energy-rating-brf-homes/,/da/artikler/energy-rating-brf-homes/,library,configured,
/da/library/energy-waste-anomalies/,/da/artikler/energy-waste-anomalies/,library,configured,
/da/library/equipment-cabinet-access-logs/,/da/artikler/equipment-cabinet-access-logs/,library,configured,
/da/library/esg-reporting-buildings/,/da/artikler/esg-reporting-buildings/,library,configured,
/da/library/esg-reporting-mandates/,/da/artikler/esg-reporting-mandates/,library,configured,
/da/library/eu-ecodesign-directive/,/da/artikler/eu-ecodesign-directive/,library,configured,
/da/library/facility-issue-escalation/,/da/artikler/facility-issue-escalation/,library,configured,
/da/library/fan-coil-unit-leak-detection/,/da/artikler/fan-coil-unit-leak-detection/,library,configured,
/da/library/film-archive-cold-storage/,/da/artikler/film-archive-cold-storage/,library,configured,
/da/library/fire-door-open-too-long/,/da/artikler/fire-door-open-too-long/,library,configured,
/da/library/flat-roof-leak-monitoring/,/da/artikler/flat-roof-leak-monitoring/,library,configured,
/da/library/floor-occupancy-heatmaps/,/da/artikler/floor-occupancy-heatmaps/,library,configured,
/da/library/frost-damage-pipes-alarm/,/da/artikler/frost-damage-pipes-alarm/,library,configured,
/da/library/gamifying-classroom-ventilation/,/da/artikler/gamifying-classroom-ventilation/,library,configured,
/da/library/gateway-redundancy-patterns/,/da/artikler/gateway-redundancy-patterns/,library,configured,
/da/library/gdpr-data-processing/,/da/artikler/gdpr-data-processing/,library,configured,
/da/library/gdpr-sensor-data/,/da/artikler/gdpr-sensor-data/,library,configured,
/da/library/generative-ai-facility-mgmt/,/da/artikler/generative-ai-facility-mgmt/,library,configured,
/da/library/getting-started-iot-buildings/,/da/artikler/getting-started-iot-buildings/,library,configured,
/da/library/green-lease-iot-data/,/da/artikler/green-lease-iot-data/,library,configured,
/da/library/greenhouse-orchid-culture/,/da/artikler/greenhouse-orchid-culture/,library,configured,
/da/library/gutter-overflow-detection/,/da/artikler/gutter-overflow-detection/,library,configured,
/da/library/gym-capacity-monitoring/,/da/artikler/gym-capacity-monitoring/,library,configured,
/da/library/gym-equipment-wipe-downs/,/da/artikler/gym-equipment-wipe-downs/,library,configured,
/da/library/gym-locker-turnover/,/da/artikler/gym-locker-turnover/,library,configured,
/da/library/handyman-callout-buttons/,/da/artikler/handyman-callout-buttons/,library,configured,
/da/library/heat-loss-windows-climate/,/da/artikler/heat-loss-windows-climate/,library,configured,
/da/library/heat-recovery-effectiveness/,/da/artikler/heat-recovery-effectiveness/,library,configured,
/da/library/historic-building-leak-risks/,/da/artikler/historic-building-leak-risks/,library,configured,
/da/library/historic-window-condensation/,/da/artikler/historic-window-condensation/,library,configured,
/da/library/hospital-staff-locker-monitoring/,/da/artikler/hospital-staff-locker-monitoring/,library,configured,
/da/library/hospital-terminal-cleaning/,/da/artikler/hospital-terminal-cleaning/,library,configured,
/da/library/hospital-ward-rollout/,/da/artikler/hospital-ward-rollout/,library,configured,
/da/library/hot-desking-data/,/da/artikler/hot-desking-data/,library,configured,
/da/library/hotel-bathroom-leak-detection/,/da/artikler/hotel-bathroom-leak-detection/,library,configured,
/da/library/hotel-room-cleaning-pirs/,/da/artikler/hotel-room-cleaning-pirs/,library,configured,
/da/library/hotel-room-service-buttons/,/da/artikler/hotel-room-service-buttons/,library,configured,
/da/library/how-to-write-iot-rfp/,/da/artikler/how-to-write-iot-rfp/,library,configured,
/da/library/humidifier-dehumidifier-automation/,/da/artikler/humidifier-dehumidifier-automation/,library,configured,
/da/library/humidity-hospital-wards/,/da/artikler/humidity-hospital-wards/,library,configured,
/da/library/humidity-in-churches/,/da/artikler/humidity-in-churches/,library,configured,
/da/library/humidity-management-classrooms/,/da/artikler/humidity-management-classrooms/,library,configured,
/da/library/hvac-failure-alerts-archives/,/da/artikler/hvac-failure-alerts-archives/,library,configured,
/da/library/hybrid-work-data-trends/,/da/artikler/hybrid-work-data-trends/,library,configured,
/da/library/hybrid-work-patterns/,/da/artikler/hybrid-work-patterns/,library,configured,
/da/library/iaq-dashboards-for-facility-managers/,/da/artikler/iaq-dashboards-for-facility-managers/,library,configured,
/da/library/ice-machine-leak-detection/,/da/artikler/ice-machine-leak-detection/,library,configured,
/da/library/iconostasis-climate/,/da/artikler/iconostasis-climate/,library,configured,
/da/library/incident-response-sla/,/da/artikler/incident-response-sla/,library,configured,
/da/library/indoor-air-quality-hospitals/,/da/artikler/indoor-air-quality-hospitals/,library,configured,
/da/library/indoor-climate-audits/,/da/artikler/indoor-climate-audits/,library,configured,
/da/library/indoor-climate-care-homes/,/da/artikler/indoor-climate-care-homes/,library,configured,
/da/library/indoor-climate-home-offices/,/da/artikler/indoor-climate-home-offices/,library,configured,
/da/library/indoor-climate-kindergartens/,/da/artikler/indoor-climate-kindergartens/,library,configured,
/da/library/indoor-climate-nursing-homes/,/da/artikler/indoor-climate-nursing-homes/,library,configured,
/da/library/indoor-climate-retail/,/da/artikler/indoor-climate-retail/,library,configured,
/da/library/insurance-deductible-reduction/,/da/artikler/insurance-deductible-reduction/,library,configured,
/da/library/insurance-documentation-museums/,/da/artikler/insurance-documentation-museums/,library,configured,
/da/library/integration-azure-iot-hub/,/da/artikler/integration-azure-iot-hub/,library,configured,
/da/library/integration-dalux/,/da/artikler/integration-dalux/,library,configured,
/da/library/integration-google-calendar/,/da/artikler/integration-google-calendar/,library,configured,
/da/library/integration-microsoft-teams/,/da/artikler/integration-microsoft-teams/,library,configured,
/da/library/integration-niagara-tridium/,/da/artikler/integration-niagara-tridium/,library,configured,
/da/library/integration-os2iot/,/da/artikler/integration-os2iot/,library,configured,
/da/library/integration-power-bi/,/da/artikler/integration-power-bi/,library,configured,
/da/library/integration-pronestor/,/da/artikler/integration-pronestor/,library,configured,
/da/library/integration-schneider-ecostruxure/,/da/artikler/integration-schneider-ecostruxure/,library,configured,
/da/library/integration-servicenow/,/da/artikler/integration-servicenow/,library,configured,
/da/library/integration-siemens-desigo/,/da/artikler/integration-siemens-desigo/,library,configured,
/da/library/integration-slack-alerts/,/da/artikler/integration-slack-alerts/,library,configured,
/da/library/interpreting-iot-dashboards/,/da/artikler/interpreting-iot-dashboards/,library,configured,
/da/library/iot-aquariums/,/da/artikler/iot-aquariums/,library,configured,
/da/library/iot-bakeries/,/da/artikler/iot-bakeries/,library,configured,
/da/library/iot-bowling-alleys/,/da/artikler/iot-bowling-alleys/,library,configured,
/da/library/iot-breweries/,/da/artikler/iot-breweries/,library,configured,
/da/library/iot-climbing-gyms/,/da/artikler/iot-climbing-gyms/,library,configured,
/da/library/iot-concert-halls/,/da/artikler/iot-concert-halls/,library,configured,
/da/library/iot-dental-offices/,/da/artikler/iot-dental-offices/,library,configured,
/da/library/iot-driving-schools/,/da/artikler/iot-driving-schools/,library,configured,
/da/library/iot-escape-rooms/,/da/artikler/iot-escape-rooms/,library,configured,
/da/library/iot-fishery-ports/,/da/artikler/iot-fishery-ports/,library,configured,
/da/library/iot-funeral-homes/,/da/artikler/iot-funeral-homes/,library,configured,
/da/library/iot-greenhouses/,/da/artikler/iot-greenhouses/,library,configured,
/da/library/iot-marinas/,/da/artikler/iot-marinas/,library,configured,
/da/library/iot-music-rehearsal/,/da/artikler/iot-music-rehearsal/,library,configured,
/da/library/iot-pharmacies/,/da/artikler/iot-pharmacies/,library,configured,
/da/library/iot-procurement-guide/,/da/artikler/iot-procurement-guide/,library,configured,
/da/library/iot-sensors-vs-manual-checks/,/da/artikler/iot-sensors-vs-manual-checks/,library,configured,
/da/library/iot-sports-stadiums/,/da/artikler/iot-sports-stadiums/,library,configured,
/da/library/iot-veterinary-clinics/,/da/artikler/iot-veterinary-clinics/,library,configured,
/da/library/iot-wineries/,/da/artikler/iot-wineries/,library,configured,
/da/library/iot-yoga-studios/,/da/artikler/iot-yoga-studios/,library,configured,
/da/library/iot-zoos/,/da/artikler/iot-zoos/,library,configured,
/da/library/iso-19650-bim-iot/,/da/artikler/iso-19650-bim-iot/,library,configured,
/da/library/iso-27001-platform/,/da/artikler/iso-27001-platform/,library,configured,
/da/library/kitchen-equipment-reporting/,/da/artikler/kitchen-equipment-reporting/,library,configured,
/da/library/lab-incident-reporting/,/da/artikler/lab-incident-reporting/,library,configured,
/da/library/leak-alarm-escalation-ladder/,/da/artikler/leak-alarm-escalation-ladder/,library,configured,
/da/library/leak-sensors-for-basements-and-plant-rooms/,/da/artikler/leak-sensors-for-basements-and-plant-rooms/,library,configured,
/da/library/leather-book-spine-humidity/,/da/artikler/leather-book-spine-humidity/,library,configured,
/da/library/leed-indoor-air-quality/,/da/artikler/leed-indoor-air-quality/,library,configured,
/da/library/library-book-preservation/,/da/artikler/library-book-preservation/,library,configured,
/da/library/library-study-room-bookings/,/da/artikler/library-study-room-bookings/,library,configured,
/da/library/lights-out-automation/,/da/artikler/lights-out-automation/,library,configured,
/da/library/loaning-artefacts-travel-logger/,/da/artikler/loaning-artefacts-travel-logger/,library,configured,
/da/library/locker-booking-corporate/,/da/artikler/locker-booking-corporate/,library,configured,
/da/library/locker-occupancy-schools/,/da/artikler/locker-occupancy-schools/,library,configured,
/da/library/lorawan-vs-nb-iot-rf-budget/,/da/artikler/lorawan-vs-nb-iot-rf-budget/,library,configured,
/da/library/maintaining-iot-fleet/,/da/artikler/maintaining-iot-fleet/,library,configured,
/da/library/manor-castle-climate-monitoring/,/da/artikler/manor-castle-climate-monitoring/,library,configured,
/da/library/maps-floorplans-upload/,/da/artikler/maps-floorplans-upload/,library,configured,
/da/library/marzipan-art-storage/,/da/artikler/marzipan-art-storage/,library,configured,
/da/library/medicine-cabinet-compliance/,/da/artikler/medicine-cabinet-compliance/,library,configured,
/da/library/meeting-room-booking-no-shows/,/da/artikler/meeting-room-booking-no-shows/,library,configured,
/da/library/meeting-room-dashboards-tv/,/da/artikler/meeting-room-dashboards-tv/,library,configured,
/da/library/meeting-room-right-sizing/,/da/artikler/meeting-room-right-sizing/,library,configured,
/da/library/metal-corrosion-humidity/,/da/artikler/metal-corrosion-humidity/,library,configured,
/da/library/meter-cabinet-monitoring/,/da/artikler/meter-cabinet-monitoring/,library,configured,
/da/library/mobile-app-field-techs/,/da/artikler/mobile-app-field-techs/,library,configured,
/da/library/mould-prevention-humidity/,/da/artikler/mould-prevention-humidity/,library,configured,
/da/library/mqtt-integration/,/da/artikler/mqtt-integration/,library,configured,
/da/library/multi-campus-space-benchmarking/,/da/artikler/multi-campus-space-benchmarking/,library,configured,
/da/library/multi-tenant-access-control/,/da/artikler/multi-tenant-access-control/,library,configured,
/da/library/municipality-rollout-playbook/,/da/artikler/municipality-rollout-playbook/,library,configured,
/da/library/museum-pest-monitoring/,/da/artikler/museum-pest-monitoring/,library,configured,
/da/library/museum-rollout-playbook/,/da/artikler/museum-rollout-playbook/,library,configured,
/da/library/museum-storage-climate/,/da/artikler/museum-storage-climate/,library,configured,
/da/library/nb-iot-adoption-nordics/,/da/artikler/nb-iot-adoption-nordics/,library,configured,
/da/library/nfc-vs-lorawan-buttons/,/da/artikler/nfc-vs-lorawan-buttons/,library,configured,
/da/library/night-setback-heating/,/da/artikler/night-setback-heating/,library,configured,
/da/library/night-ventilation-strategies/,/da/artikler/night-ventilation-strategies/,library,configured,
/da/library/nordic-museum-iot-adoption/,/da/artikler/nordic-museum-iot-adoption/,library,configured,
/da/library/nurse-call-aware-cleaning/,/da/artikler/nurse-call-aware-cleaning/,library,configured,
/da/library/occupancy-sensors-offices/,/da/artikler/occupancy-sensors-offices/,library,configured,
/da/library/occupied-unoccupied-hvac/,/da/artikler/occupied-unoccupied-hvac/,library,configured,
/da/library/office-density-planning/,/da/artikler/office-density-planning/,library,configured,
/da/library/office-retrofit-rollout/,/da/artikler/office-retrofit-rollout/,library,configured,
/da/library/oil-paintings-temperature-swings/,/da/artikler/oil-paintings-temperature-swings/,library,configured,
/da/library/organ-hall-restoration/,/da/artikler/organ-hall-restoration/,library,configured,
/da/library/organ-preservation/,/da/artikler/organ-preservation/,library,configured,
/da/library/outdoor-area-cleaning-weather/,/da/artikler/outdoor-area-cleaning-weather/,library,configured,
/da/library/palace-floor-conservation/,/da/artikler/palace-floor-conservation/,library,configured,
/da/library/paper-artefact-storage/,/da/artikler/paper-artefact-storage/,library,configured,
/da/library/parking-lot-sensors/,/da/artikler/parking-lot-sensors/,library,configured,
/da/library/patient-feedback-buttons/,/da/artikler/patient-feedback-buttons/,library,configured,
/da/library/pdf-export-template/,/da/artikler/pdf-export-template/,library,configured,
/da/library/peak-load-shaving/,/da/artikler/peak-load-shaving/,library,configured,
/da/library/pharmacy-medicine-storage/,/da/artikler/pharmacy-medicine-storage/,library,configured,
/da/library/phone-booth-utilisation/,/da/artikler/phone-booth-utilisation/,library,configured,
/da/library/photographic-collection-climate/,/da/artikler/photographic-collection-climate/,library,configured,
/da/library/pilot-budget-planning/,/da/artikler/pilot-budget-planning/,library,configured,
/da/library/pilot-to-production/,/da/artikler/pilot-to-production/,library,configured,
/da/library/playground-usage-cleaning/,/da/artikler/playground-usage-cleaning/,library,configured,
/da/library/plug-load-monitoring-offices/,/da/artikler/plug-load-monitoring-offices/,library,configured,
/da/library/pollen-and-indoor-air/,/da/artikler/pollen-and-indoor-air/,library,configured,
/da/library/power-bi-connector/,/da/artikler/power-bi-connector/,library,configured,
/da/library/ppd-ppi-indoor-climate-metrics/,/da/artikler/ppd-ppi-indoor-climate-metrics/,library,configured,
/da/library/ppm-thresholds-explained/,/da/artikler/ppm-thresholds-explained/,library,configured,
/da/library/preservation-digitalisation/,/da/artikler/preservation-digitalisation/,library,configured,
/da/library/preservation-roi-dioceses/,/da/artikler/preservation-roi-dioceses/,library,configured,
/da/library/procurement-approval-checklist/,/da/artikler/procurement-approval-checklist/,library,configured,
/da/library/proptech-2026-trends/,/da/artikler/proptech-2026-trends/,library,configured,
/da/library/public-dashboards-kiosk/,/da/artikler/public-dashboards-kiosk/,library,configured,
/da/library/pv-self-consumption/,/da/artikler/pv-self-consumption/,library,configured,
/da/library/quiet-room-demand/,/da/artikler/quiet-room-demand/,library,configured,
/da/library/radio-equipment-directive/,/da/artikler/radio-equipment-directive/,library,configured,
/da/library/radon-measurement/,/da/artikler/radon-measurement/,library,configured,
/da/library/reception-visitor-flow/,/da/artikler/reception-visitor-flow/,library,configured,
/da/library/reporting-indoor-climate-to-boards/,/da/artikler/reporting-indoor-climate-to-boards/,library,configured,
/da/library/residential-care-water-safety/,/da/artikler/residential-care-water-safety/,library,configured,
/da/library/restocking-toilets-push-buttons/,/da/artikler/restocking-toilets-push-buttons/,library,configured,
/da/library/restroom-floor-leak-detection/,/da/artikler/restroom-floor-leak-detection/,library,configured,
/da/library/restroom-footfall-cleaning/,/da/artikler/restroom-footfall-cleaning/,library,configured,
/da/library/retail-employee-call-button/,/da/artikler/retail-employee-call-button/,library,configured,
/da/library/roi-brand-value-museums/,/da/artikler/roi-brand-value-museums/,library,configured,
/da/library/roi-cleaning-fte-reduction/,/da/artikler/roi-cleaning-fte-reduction/,library,configured,
/da/library/roi-dgnb-certification/,/da/artikler/roi-dgnb-certification/,library,configured,
/da/library/roi-energy-retrofit-payback/,/da/artikler/roi-energy-retrofit-payback/,library,configured,
/da/library/roi-hybrid-work-downsizing/,/da/artikler/roi-hybrid-work-downsizing/,library,configured,
/da/library/roi-insurance-premium-reduction/,/da/artikler/roi-insurance-premium-reduction/,library,configured,
/da/library/roi-preservation-insurance/,/da/artikler/roi-preservation-insurance/,library,configured,
/da/library/roi-space-right-sizing/,/da/artikler/roi-space-right-sizing/,library,configured,
/da/library/roi-tenant-satisfaction/,/da/artikler/roi-tenant-satisfaction/,library,configured,
/da/library/roi-water-damage-avoided/,/da/artikler/roi-water-damage-avoided/,library,configured,
/da/library/role-based-access-control/,/da/artikler/role-based-access-control/,library,configured,
/da/library/rollout-in-varde-municipality/,/da/artikler/rollout-in-varde-municipality/,library,configured,
/da/library/rollout-plan-portfolio/,/da/artikler/rollout-plan-portfolio/,library,configured,
/da/library/roomalyzer-architecture/,/da/artikler/roomalyzer-architecture/,library,configured,
/da/library/roomalyzer-vs-generic-iaq/,/da/artikler/roomalyzer-vs-generic-iaq/,library,configured,
/da/library/school-rollout-checklist/,/da/artikler/school-rollout-checklist/,library,configured,
/da/library/school-toilet-cleaning-schedule/,/da/artikler/school-toilet-cleaning-schedule/,library,configured,
/da/library/scim-user-provisioning/,/da/artikler/scim-user-provisioning/,library,configured,
/da/library/scoping-iot-pilot-project/,/da/artikler/scoping-iot-pilot-project/,library,configured,
/da/library/seasonal-tuning-organ/,/da/artikler/seasonal-tuning-organ/,library,configured,
/da/library/security-panic-buttons/,/da/artikler/security-panic-buttons/,library,configured,
/da/library/sensor-placement-guide/,/da/artikler/sensor-placement-guide/,library,configured,
/da/library/server-rack-door-sensors/,/da/artikler/server-rack-door-sensors/,library,configured,
/da/library/setpoint-drift-detection/,/da/artikler/setpoint-drift-detection/,library,configured,
/da/library/setpoint-tuning-algorithms/,/da/artikler/setpoint-tuning-algorithms/,library,configured,
/da/library/sewer-backup-alarms/,/da/artikler/sewer-backup-alarms/,library,configured,
/da/library/shuttle-bus-utilisation/,/da/artikler/shuttle-bus-utilisation/,library,configured,
/da/library/silent-room-pir-sensors/,/da/artikler/silent-room-pir-sensors/,library,configured,
/da/library/sprinkler-system-test-monitoring/,/da/artikler/sprinkler-system-test-monitoring/,library,configured,
/da/library/sso-integration-azure-ad/,/da/artikler/sso-integration-azure-ad/,library,configured,
/da/library/sso-okta-integration/,/da/artikler/sso-okta-integration/,library,configured,
/da/library/stakeholder-buy-in/,/da/artikler/stakeholder-buy-in/,library,configured,
/da/library/stone-monument-freeze-thaw/,/da/artikler/stone-monument-freeze-thaw/,library,configured,
/da/library/storage-battery-scheduling/,/da/artikler/storage-battery-scheduling/,library,configured,
/da/library/storm-water-basement-sensors/,/da/artikler/storm-water-basement-sensors/,library,configured,
/da/library/summer-overheating-offices/,/da/artikler/summer-overheating-offices/,library,configured,
/da/library/tags/,/da/artikler/tags/,library,configured,
/da/library/teacher-training-indoor-climate/,/da/artikler/teacher-training-indoor-climate/,library,configured,
/da/library/temperature-control-open-offices/,/da/artikler/temperature-control-open-offices/,library,configured,
/da/library/temperature-setpoints-energy-balance/,/da/artikler/temperature-setpoints-energy-balance/,library,configured,
/da/library/textile-conservation-climate/,/da/artikler/textile-conservation-climate/,library,configured,
/da/library/thermal-comfort-shared-offices/,/da/artikler/thermal-comfort-shared-offices/,library,configured,
/da/library/total-cost-of-ownership/,/da/artikler/total-cost-of-ownership/,library,configured,
/da/library/tourist-attraction-feedback/,/da/artikler/tourist-attraction-feedback/,library,configured,
/da/library/tourist-visitor-impact-climate/,/da/artikler/tourist-visitor-impact-climate/,library,configured,
/da/library/tv-dashboards-receptions/,/da/artikler/tv-dashboards-receptions/,library,configured,
/da/library/under-sink-sensor-placement/,/da/artikler/under-sink-sensor-placement/,library,configured,
/da/library/vault-monitoring-banks/,/da/artikler/vault-monitoring-banks/,library,configured,
/da/library/vav-control-with-co2/,/da/artikler/vav-control-with-co2/,library,configured,
/da/library/vendor-lock-in-avoidance/,/da/artikler/vendor-lock-in-avoidance/,library,configured,
/da/library/ventilation-retrofit-guide/,/da/artikler/ventilation-retrofit-guide/,library,configured,
/da/library/visitor-count-gallery-cleaning/,/da/artikler/visitor-count-gallery-cleaning/,library,configured,
/da/library/voc-levels-in-offices/,/da/artikler/voc-levels-in-offices/,library,configured,
/da/library/warehouse-picking-feedback/,/da/artikler/warehouse-picking-feedback/,library,configured,
/da/library/washing-machine-leak-sensors/,/da/artikler/washing-machine-leak-sensors/,library,configured,
/da/library/water-alarms-in-server-rooms/,/da/artikler/water-alarms-in-server-rooms/,library,configured,
/da/library/water-damage-insurance-documentation/,/da/artikler/water-damage-insurance-documentation/,library,configured,
/da/library/water-detection-stop-damage-before-it-spreads/,/da/artikler/water-detection-stop-damage-before-it-spreads/,library,configured,
/da/library/webhooks-for-alarms/,/da/artikler/webhooks-for-alarms/,library,configured,
/da/library/well-v2-indoor-air/,/da/artikler/well-v2-indoor-air/,library,configured,
/da/library/when-to-ventilate/,/da/artikler/when-to-ventilate/,library,configured,
/da/library/whisky-barrel-warehouse/,/da/artikler/whisky-barrel-warehouse/,library,configured,
/da/library/white-label-dashboards/,/da/artikler/white-label-dashboards/,library,configured,
/da/library/who-air-quality-guidelines/,/da/artikler/who-air-quality-guidelines/,library,configured,
/da/library/window-cleaning-daylight-sensors/,/da/artikler/window-cleaning-daylight-sensors/,library,configured,
/da/library/wine-cellar-humidity/,/da/artikler/wine-cellar-humidity/,library,configured,
/da/library/winter-dryness-control/,/da/artikler/winter-dryness-control/,library,configured,
/da/library/wooden-furniture-preservation/,/da/artikler/wooden-furniture-preservation/,library,configured,
/da/library/workplace-assessment-indoor-climate/,/da/artikler/workplace-assessment-indoor-climate/,library,configured,
/da/library/workplace-mix-ratio/,/da/artikler/workplace-mix-ratio/,library,configured,
/da/pricing/enterprise/,/da/priser/,pricing,configured,
/da/pricing/plans/,/da/priser/,pricing,configured,
/da/sensors/compare/,/da/sammenlign/,sensors,configured,
/da/solutions/,/da/artikler/,solutions,configured,
/da/solutions/after-hours-door-alarms/,/da/artikler/after-hours-door-alarms/,solutions,configured,
/da/solutions/ai-in-facility-management/,/da/artikler/ai-in-facility-management/,solutions,configured,
/da/solutions/air-quality-auditoriums/,/da/artikler/air-quality-auditoriums/,solutions,configured,
/da/solutions/air-quality-libraries/,/da/artikler/air-quality-libraries/,solutions,configured,
/da/solutions/air-quality-sports-halls/,/da/artikler/air-quality-sports-halls/,solutions,configured,
/da/solutions/air-quality-trends-over-seasons/,/da/artikler/air-quality-trends-over-seasons/,solutions,configured,
/da/solutions/airport-restroom-cleaning-sla/,/da/artikler/airport-restroom-cleaning-sla/,solutions,configured,
/da/solutions/alarm-escalation-chains/,/da/artikler/alarm-escalation-chains/,solutions,configured,
/da/solutions/alarms-for-indoor-climate/,/da/artikler/alarms-for-indoor-climate/,solutions,configured,
/da/solutions/altar-pieces-humidity/,/da/artikler/altar-pieces-humidity/,solutions,configured,
/da/solutions/api-authentication-oauth/,/da/artikler/api-authentication-oauth/,solutions,configured,
/da/solutions/api-rate-limits/,/da/artikler/api-rate-limits/,solutions,configured,
/da/solutions/archive-retrofit-rollout/,/da/artikler/archive-retrofit-rollout/,solutions,configured,
/da/solutions/archive-temperature-control/,/da/artikler/archive-temperature-control/,solutions,configured,
/da/solutions/art-storage-vault-access/,/da/artikler/art-storage-vault-access/,solutions,configured,
/da/solutions/ashrae-62-1-guidance/,/da/artikler/ashrae-62-1-guidance/,solutions,configured,
/da/solutions/audit-logs-for-admins/,/da/artikler/audit-logs-for-admins/,solutions,configured,
/da/solutions/battery-lifetime-tuning/,/da/artikler/battery-lifetime-tuning/,solutions,configured,
/da/solutions/behavioural-energy-savings/,/da/artikler/behavioural-energy-savings/,solutions,configured,
/da/solutions/bike-rack-occupancy/,/da/artikler/bike-rack-occupancy/,solutions,configured,
/da/solutions/bike-storage-door-status/,/da/artikler/bike-storage-door-status/,solutions,configured,
/da/solutions/boiler-cycling-analytics/,/da/artikler/boiler-cycling-analytics/,solutions,configured,
/da/solutions/boiler-room-flood-sensors/,/da/artikler/boiler-room-flood-sensors/,solutions,configured,
/da/solutions/bookable-zones-dynamic-pricing/,/da/artikler/bookable-zones-dynamic-pricing/,solutions,configured,
/da/solutions/br18-indoor-climate/,/da/artikler/br18-indoor-climate/,solutions,configured,
/da/solutions/break-room-usage/,/da/artikler/break-room-usage/,solutions,configured,
/da/solutions/building-iot-business-case/,/da/artikler/building-iot-business-case/,solutions,configured,
/da/solutions/button-battery-lifetime/,/da/artikler/button-battery-lifetime/,solutions,configured,
/da/solutions/button-heatmap-analysis/,/da/artikler/button-heatmap-analysis/,solutions,configured,
/da/solutions/cafeteria-peak-hours/,/da/artikler/cafeteria-peak-hours/,solutions,configured,
/da/solutions/calibration-intervals-explained/,/da/artikler/calibration-intervals-explained/,solutions,configured,
/da/solutions/canteen-capacity-planning/,/da/artikler/canteen-capacity-planning/,solutions,configured,
/da/solutions/canteen-cleaning-triggers/,/da/artikler/canteen-cleaning-triggers/,solutions,configured,
/da/solutions/ce-marking-iot-devices/,/da/artikler/ce-marking-iot-devices/,solutions,configured,
/da/solutions/chapel-climate-sensors/,/da/artikler/chapel-climate-sensors/,solutions,configured,
/da/solutions/chemical-cabinet-audit-trail/,/da/artikler/chemical-cabinet-audit-trail/,solutions,configured,
/da/solutions/chilled-beam-condensation/,/da/artikler/chilled-beam-condensation/,solutions,configured,
/da/solutions/choosing-sensor-placement/,/da/artikler/choosing-sensor-placement/,solutions,configured,
/da/solutions/church-interior-rh-bands/,/da/artikler/church-interior-rh-bands/,solutions,configured,
/da/solutions/classroom-feedback-teachers/,/da/artikler/classroom-feedback-teachers/,solutions,configured,
/da/solutions/classroom-timetable-vs-usage/,/da/artikler/classroom-timetable-vs-usage/,solutions,configured,
/da/solutions/classroom-ventilation-checklist/,/da/artikler/classroom-ventilation-checklist/,solutions,configured,
/da/solutions/cleaning-chemicals-voc/,/da/artikler/cleaning-chemicals-voc/,solutions,configured,
/da/solutions/cleaning-cupboard-audit/,/da/artikler/cleaning-cupboard-audit/,solutions,configured,
/da/solutions/cleaning-request-buttons-restrooms/,/da/artikler/cleaning-request-buttons-restrooms/,solutions,configured,
/da/solutions/cleaning-robot-orchestration/,/da/artikler/cleaning-robot-orchestration/,solutions,configured,
/da/solutions/cleaning-sla-via-buttons/,/da/artikler/cleaning-sla-via-buttons/,solutions,configured,
/da/solutions/cleaning-team-onboarding/,/da/artikler/cleaning-team-onboarding/,solutions,configured,
/da/solutions/climate-control-vestries/,/da/artikler/climate-control-vestries/,solutions,configured,
/da/solutions/co-working-end-of-day-cleaning/,/da/artikler/co-working-end-of-day-cleaning/,solutions,configured,
/da/solutions/co2-based-hvac-demand-control/,/da/artikler/co2-based-hvac-demand-control/,solutions,configured,
/da/solutions/co2-in-meeting-rooms/,/da/artikler/co2-in-meeting-rooms/,solutions,configured,
/da/solutions/co2-monitoring-in-schools/,/da/artikler/co2-monitoring-in-schools/,solutions,configured,
/da/solutions/cold-storage-door-open-alarms/,/da/artikler/cold-storage-door-open-alarms/,solutions,configured,
/da/solutions/comfort-complaints-data-driven/,/da/artikler/comfort-complaints-data-driven/,solutions,configured,
/da/solutions/conference-centre-utilisation/,/da/artikler/conference-centre-utilisation/,solutions,configured,
/da/solutions/conference-room-issue-reporting/,/da/artikler/conference-room-issue-reporting/,solutions,configured,
/da/solutions/cooking-fumes-kitchens/,/da/artikler/cooking-fumes-kitchens/,solutions,configured,
/da/solutions/covid-era-density-legacy/,/da/artikler/covid-era-density-legacy/,solutions,configured,
/da/solutions/coworking-day-pass-demand/,/da/artikler/coworking-day-pass-demand/,solutions,configured,
/da/solutions/coworking-space-optimisation/,/da/artikler/coworking-space-optimisation/,solutions,configured,
/da/solutions/crawl-space-humidity-alarms/,/da/artikler/crawl-space-humidity-alarms/,solutions,configured,
/da/solutions/crypt-climate-monitoring/,/da/artikler/crypt-climate-monitoring/,solutions,configured,
/da/solutions/csrd-scope-1-2-3-data/,/da/artikler/csrd-scope-1-2-3-data/,solutions,configured,
/da/solutions/custom-reports-builder/,/da/artikler/custom-reports-builder/,solutions,configured,
/da/solutions/daily-cycles-church-climate/,/da/artikler/daily-cycles-church-climate/,solutions,configured,
/da/solutions/danish-work-environment-act/,/da/artikler/danish-work-environment-act/,solutions,configured,
/da/solutions/data-literacy-facility-managers/,/da/artikler/data-literacy-facility-managers/,solutions,configured,
/da/solutions/data-residency-eu/,/da/artikler/data-residency-eu/,solutions,configured,
/da/solutions/data-retention-policies/,/da/artikler/data-retention-policies/,solutions,configured,
/da/solutions/datacentre-high-availability/,/da/artikler/datacentre-high-availability/,solutions,configured,
/da/solutions/delivery-door-temperature/,/da/artikler/delivery-door-temperature/,solutions,configured,
/da/solutions/demand-based-cleaning-offices/,/da/artikler/demand-based-cleaning-offices/,solutions,configured,
/da/solutions/deployment-timeline-expectations/,/da/artikler/deployment-timeline-expectations/,solutions,configured,
/da/solutions/desk-sharing-utilisation/,/da/artikler/desk-sharing-utilisation/,solutions,configured,
/da/solutions/dgnb-hvb-score/,/da/artikler/dgnb-hvb-score/,solutions,configured,
/da/solutions/dgnb-preservation-documentation/,/da/artikler/dgnb-preservation-documentation/,solutions,configured,
/da/solutions/digital-twins-smart-buildings/,/da/artikler/digital-twins-smart-buildings/,solutions,configured,
/da/solutions/diocese-onboarding-preservation/,/da/artikler/diocese-onboarding-preservation/,solutions,configured,
/da/solutions/dishwasher-overflow-detection/,/da/artikler/dishwasher-overflow-detection/,solutions,configured,
/da/solutions/dispenser-refill-signals/,/da/artikler/dispenser-refill-signals/,solutions,configured,
/da/solutions/district-heating-optimisation/,/da/artikler/district-heating-optimisation/,solutions,configured,
/da/solutions/dust-particles-pm25/,/da/artikler/dust-particles-pm25/,solutions,configured,
/da/solutions/dynamic-cleaning-prioritisation/,/da/artikler/dynamic-cleaning-prioritisation/,solutions,configured,
/da/solutions/en-15251-historical/,/da/artikler/en-15251-historical/,solutions,configured,
/da/solutions/en-15757-explained/,/da/artikler/en-15757-explained/,solutions,configured,
/da/solutions/en-15757-in-practice/,/da/artikler/en-15757-in-practice/,solutions,configured,
/da/solutions/en-15757-preservation/,/da/artikler/en-15757-preservation/,solutions,configured,
/da/solutions/en-16798-explained/,/da/artikler/en-16798-explained/,solutions,configured,
/da/solutions/energy-benchmarks-offices/,/da/artikler/energy-benchmarks-offices/,solutions,configured,
/da/solutions/energy-benchmarks-schools/,/da/artikler/energy-benchmarks-schools/,solutions,configured,
/da/solutions/energy-rating-brf-homes/,/da/artikler/energy-rating-brf-homes/,solutions,configured,
/da/solutions/energy-waste-anomalies/,/da/artikler/energy-waste-anomalies/,solutions,configured,
/da/solutions/equipment-cabinet-access-logs/,/da/artikler/equipment-cabinet-access-logs/,solutions,configured,
/da/solutions/esg-reporting-buildings/,/da/artikler/esg-reporting-buildings/,solutions,configured,
/da/solutions/esg-reporting-mandates/,/da/artikler/esg-reporting-mandates/,solutions,configured,
/da/solutions/eu-ecodesign-directive/,/da/artikler/eu-ecodesign-directive/,solutions,configured,
/da/solutions/facility-issue-escalation/,/da/artikler/facility-issue-escalation/,solutions,configured,
/da/solutions/fan-coil-unit-leak-detection/,/da/artikler/fan-coil-unit-leak-detection/,solutions,configured,
/da/solutions/film-archive-cold-storage/,/da/artikler/film-archive-cold-storage/,solutions,configured,
/da/solutions/fire-door-open-too-long/,/da/artikler/fire-door-open-too-long/,solutions,configured,
/da/solutions/flat-roof-leak-monitoring/,/da/artikler/flat-roof-leak-monitoring/,solutions,configured,
/da/solutions/floor-occupancy-heatmaps/,/da/artikler/floor-occupancy-heatmaps/,solutions,configured,
/da/solutions/frost-damage-pipes-alarm/,/da/artikler/frost-damage-pipes-alarm/,solutions,configured,
/da/solutions/gamifying-classroom-ventilation/,/da/artikler/gamifying-classroom-ventilation/,solutions,configured,
/da/solutions/gateway-redundancy-patterns/,/da/artikler/gateway-redundancy-patterns/,solutions,configured,
/da/solutions/gdpr-data-processing/,/da/artikler/gdpr-data-processing/,solutions,configured,
/da/solutions/gdpr-sensor-data/,/da/artikler/gdpr-sensor-data/,solutions,configured,
/da/solutions/generative-ai-facility-mgmt/,/da/artikler/generative-ai-facility-mgmt/,solutions,configured,
/da/solutions/getting-started-iot-buildings/,/da/artikler/getting-started-iot-buildings/,solutions,configured,
/da/solutions/green-lease-iot-data/,/da/artikler/green-lease-iot-data/,solutions,configured,
/da/solutions/greenhouse-orchid-culture/,/da/artikler/greenhouse-orchid-culture/,solutions,configured,
/da/solutions/gutter-overflow-detection/,/da/artikler/gutter-overflow-detection/,solutions,configured,
/da/solutions/gym-capacity-monitoring/,/da/artikler/gym-capacity-monitoring/,solutions,configured,
/da/solutions/gym-equipment-wipe-downs/,/da/artikler/gym-equipment-wipe-downs/,solutions,configured,
/da/solutions/gym-locker-turnover/,/da/artikler/gym-locker-turnover/,solutions,configured,
/da/solutions/handyman-callout-buttons/,/da/artikler/handyman-callout-buttons/,solutions,configured,
/da/solutions/heat-loss-windows-climate/,/da/artikler/heat-loss-windows-climate/,solutions,configured,
/da/solutions/heat-recovery-effectiveness/,/da/artikler/heat-recovery-effectiveness/,solutions,configured,
/da/solutions/historic-building-leak-risks/,/da/artikler/historic-building-leak-risks/,solutions,configured,
/da/solutions/historic-window-condensation/,/da/artikler/historic-window-condensation/,solutions,configured,
/da/solutions/hospital-staff-locker-monitoring/,/da/artikler/hospital-staff-locker-monitoring/,solutions,configured,
/da/solutions/hospital-terminal-cleaning/,/da/artikler/hospital-terminal-cleaning/,solutions,configured,
/da/solutions/hospital-ward-rollout/,/da/artikler/hospital-ward-rollout/,solutions,configured,
/da/solutions/hot-desking-data/,/da/artikler/hot-desking-data/,solutions,configured,
/da/solutions/hotel-bathroom-leak-detection/,/da/artikler/hotel-bathroom-leak-detection/,solutions,configured,
/da/solutions/hotel-room-cleaning-pirs/,/da/artikler/hotel-room-cleaning-pirs/,solutions,configured,
/da/solutions/hotel-room-service-buttons/,/da/artikler/hotel-room-service-buttons/,solutions,configured,
/da/solutions/how-to-write-iot-rfp/,/da/artikler/how-to-write-iot-rfp/,solutions,configured,
/da/solutions/humidifier-dehumidifier-automation/,/da/artikler/humidifier-dehumidifier-automation/,solutions,configured,
/da/solutions/humidity-hospital-wards/,/da/artikler/humidity-hospital-wards/,solutions,configured,
/da/solutions/humidity-in-churches/,/da/artikler/humidity-in-churches/,solutions,configured,
/da/solutions/humidity-management-classrooms/,/da/artikler/humidity-management-classrooms/,solutions,configured,
/da/solutions/hvac-failure-alerts-archives/,/da/artikler/hvac-failure-alerts-archives/,solutions,configured,
/da/solutions/hybrid-work-data-trends/,/da/artikler/hybrid-work-data-trends/,solutions,configured,
/da/solutions/hybrid-work-patterns/,/da/artikler/hybrid-work-patterns/,solutions,configured,
/da/solutions/iaq-dashboards-for-facility-managers/,/da/artikler/iaq-dashboards-for-facility-managers/,solutions,configured,
/da/solutions/ice-machine-leak-detection/,/da/artikler/ice-machine-leak-detection/,solutions,configured,
/da/solutions/iconostasis-climate/,/da/artikler/iconostasis-climate/,solutions,configured,
/da/solutions/incident-response-sla/,/da/artikler/incident-response-sla/,solutions,configured,
/da/solutions/indoor-air-quality-hospitals/,/da/artikler/indoor-air-quality-hospitals/,solutions,configured,
/da/solutions/indoor-climate-audits/,/da/artikler/indoor-climate-audits/,solutions,configured,
/da/solutions/indoor-climate-care-homes/,/da/artikler/indoor-climate-care-homes/,solutions,configured,
/da/solutions/indoor-climate-home-offices/,/da/artikler/indoor-climate-home-offices/,solutions,configured,
/da/solutions/indoor-climate-kindergartens/,/da/artikler/indoor-climate-kindergartens/,solutions,configured,
/da/solutions/indoor-climate-nursing-homes/,/da/artikler/indoor-climate-nursing-homes/,solutions,configured,
/da/solutions/indoor-climate-retail/,/da/artikler/indoor-climate-retail/,solutions,configured,
/da/solutions/insurance-deductible-reduction/,/da/artikler/insurance-deductible-reduction/,solutions,configured,
/da/solutions/insurance-documentation-museums/,/da/artikler/insurance-documentation-museums/,solutions,configured,
/da/solutions/integration-azure-iot-hub/,/da/artikler/integration-azure-iot-hub/,solutions,configured,
/da/solutions/integration-dalux/,/da/artikler/integration-dalux/,solutions,configured,
/da/solutions/integration-google-calendar/,/da/artikler/integration-google-calendar/,solutions,configured,
/da/solutions/integration-microsoft-teams/,/da/artikler/integration-microsoft-teams/,solutions,configured,
/da/solutions/integration-niagara-tridium/,/da/artikler/integration-niagara-tridium/,solutions,configured,
/da/solutions/integration-os2iot/,/da/artikler/integration-os2iot/,solutions,configured,
/da/solutions/integration-power-bi/,/da/artikler/integration-power-bi/,solutions,configured,
/da/solutions/integration-pronestor/,/da/artikler/integration-pronestor/,solutions,configured,
/da/solutions/integration-schneider-ecostruxure/,/da/artikler/integration-schneider-ecostruxure/,solutions,configured,
/da/solutions/integration-servicenow/,/da/artikler/integration-servicenow/,solutions,configured,
/da/solutions/integration-siemens-desigo/,/da/artikler/integration-siemens-desigo/,solutions,configured,
/da/solutions/integration-slack-alerts/,/da/artikler/integration-slack-alerts/,solutions,configured,
/da/solutions/interpreting-iot-dashboards/,/da/artikler/interpreting-iot-dashboards/,solutions,configured,
/da/solutions/iot-aquariums/,/da/artikler/iot-aquariums/,solutions,configured,
/da/solutions/iot-bakeries/,/da/artikler/iot-bakeries/,solutions,configured,
/da/solutions/iot-bowling-alleys/,/da/artikler/iot-bowling-alleys/,solutions,configured,
/da/solutions/iot-breweries/,/da/artikler/iot-breweries/,solutions,configured,
/da/solutions/iot-climbing-gyms/,/da/artikler/iot-climbing-gyms/,solutions,configured,
/da/solutions/iot-concert-halls/,/da/artikler/iot-concert-halls/,solutions,configured,
/da/solutions/iot-dental-offices/,/da/artikler/iot-dental-offices/,solutions,configured,
/da/solutions/iot-driving-schools/,/da/artikler/iot-driving-schools/,solutions,configured,
/da/solutions/iot-escape-rooms/,/da/artikler/iot-escape-rooms/,solutions,configured,
/da/solutions/iot-fishery-ports/,/da/artikler/iot-fishery-ports/,solutions,configured,
/da/solutions/iot-funeral-homes/,/da/artikler/iot-funeral-homes/,solutions,configured,
/da/solutions/iot-greenhouses/,/da/artikler/iot-greenhouses/,solutions,configured,
/da/solutions/iot-marinas/,/da/artikler/iot-marinas/,solutions,configured,
/da/solutions/iot-music-rehearsal/,/da/artikler/iot-music-rehearsal/,solutions,configured,
/da/solutions/iot-pharmacies/,/da/artikler/iot-pharmacies/,solutions,configured,
/da/solutions/iot-procurement-guide/,/da/artikler/iot-procurement-guide/,solutions,configured,
/da/solutions/iot-sensors-vs-manual-checks/,/da/artikler/iot-sensors-vs-manual-checks/,solutions,configured,
/da/solutions/iot-sports-stadiums/,/da/artikler/iot-sports-stadiums/,solutions,configured,
/da/solutions/iot-veterinary-clinics/,/da/artikler/iot-veterinary-clinics/,solutions,configured,
/da/solutions/iot-wineries/,/da/artikler/iot-wineries/,solutions,configured,
/da/solutions/iot-yoga-studios/,/da/artikler/iot-yoga-studios/,solutions,configured,
/da/solutions/iot-zoos/,/da/artikler/iot-zoos/,solutions,configured,
/da/solutions/iso-19650-bim-iot/,/da/artikler/iso-19650-bim-iot/,solutions,configured,
/da/solutions/iso-27001-platform/,/da/artikler/iso-27001-platform/,solutions,configured,
/da/solutions/kitchen-equipment-reporting/,/da/artikler/kitchen-equipment-reporting/,solutions,configured,
/da/solutions/lab-incident-reporting/,/da/artikler/lab-incident-reporting/,solutions,configured,
/da/solutions/leak-alarm-escalation-ladder/,/da/artikler/leak-alarm-escalation-ladder/,solutions,configured,
/da/solutions/leak-sensors-for-basements-and-plant-rooms/,/da/artikler/leak-sensors-for-basements-and-plant-rooms/,solutions,configured,
/da/solutions/leather-book-spine-humidity/,/da/artikler/leather-book-spine-humidity/,solutions,configured,
/da/solutions/leed-indoor-air-quality/,/da/artikler/leed-indoor-air-quality/,solutions,configured,
/da/solutions/library-book-preservation/,/da/artikler/library-book-preservation/,solutions,configured,
/da/solutions/library-study-room-bookings/,/da/artikler/library-study-room-bookings/,solutions,configured,
/da/solutions/lights-out-automation/,/da/artikler/lights-out-automation/,solutions,configured,
/da/solutions/loaning-artefacts-travel-logger/,/da/artikler/loaning-artefacts-travel-logger/,solutions,configured,
/da/solutions/locker-booking-corporate/,/da/artikler/locker-booking-corporate/,solutions,configured,
/da/solutions/locker-occupancy-schools/,/da/artikler/locker-occupancy-schools/,solutions,configured,
/da/solutions/lorawan-vs-nb-iot-rf-budget/,/da/artikler/lorawan-vs-nb-iot-rf-budget/,solutions,configured,
/da/solutions/maintaining-iot-fleet/,/da/artikler/maintaining-iot-fleet/,solutions,configured,
/da/solutions/manor-castle-climate-monitoring/,/da/artikler/manor-castle-climate-monitoring/,solutions,configured,
/da/solutions/maps-floorplans-upload/,/da/artikler/maps-floorplans-upload/,solutions,configured,
/da/solutions/marzipan-art-storage/,/da/artikler/marzipan-art-storage/,solutions,configured,
/da/solutions/medicine-cabinet-compliance/,/da/artikler/medicine-cabinet-compliance/,solutions,configured,
/da/solutions/meeting-room-booking-no-shows/,/da/artikler/meeting-room-booking-no-shows/,solutions,configured,
/da/solutions/meeting-room-dashboards-tv/,/da/artikler/meeting-room-dashboards-tv/,solutions,configured,
/da/solutions/meeting-room-right-sizing/,/da/artikler/meeting-room-right-sizing/,solutions,configured,
/da/solutions/metal-corrosion-humidity/,/da/artikler/metal-corrosion-humidity/,solutions,configured,
/da/solutions/meter-cabinet-monitoring/,/da/artikler/meter-cabinet-monitoring/,solutions,configured,
/da/solutions/mobile-app-field-techs/,/da/artikler/mobile-app-field-techs/,solutions,configured,
/da/solutions/mould-prevention-humidity/,/da/artikler/mould-prevention-humidity/,solutions,configured,
/da/solutions/mqtt-integration/,/da/artikler/mqtt-integration/,solutions,configured,
/da/solutions/multi-campus-space-benchmarking/,/da/artikler/multi-campus-space-benchmarking/,solutions,configured,
/da/solutions/multi-tenant-access-control/,/da/artikler/multi-tenant-access-control/,solutions,configured,
/da/solutions/municipality-rollout-playbook/,/da/artikler/municipality-rollout-playbook/,solutions,configured,
/da/solutions/museum-pest-monitoring/,/da/artikler/museum-pest-monitoring/,solutions,configured,
/da/solutions/museum-rollout-playbook/,/da/artikler/museum-rollout-playbook/,solutions,configured,
/da/solutions/museum-storage-climate/,/da/artikler/museum-storage-climate/,solutions,configured,
/da/solutions/nb-iot-adoption-nordics/,/da/artikler/nb-iot-adoption-nordics/,solutions,configured,
/da/solutions/nfc-vs-lorawan-buttons/,/da/artikler/nfc-vs-lorawan-buttons/,solutions,configured,
/da/solutions/night-setback-heating/,/da/artikler/night-setback-heating/,solutions,configured,
/da/solutions/night-ventilation-strategies/,/da/artikler/night-ventilation-strategies/,solutions,configured,
/da/solutions/nordic-museum-iot-adoption/,/da/artikler/nordic-museum-iot-adoption/,solutions,configured,
/da/solutions/nurse-call-aware-cleaning/,/da/artikler/nurse-call-aware-cleaning/,solutions,configured,
/da/solutions/occupancy-sensors-offices/,/da/artikler/occupancy-sensors-offices/,solutions,configured,
/da/solutions/occupied-unoccupied-hvac/,/da/artikler/occupied-unoccupied-hvac/,solutions,configured,
/da/solutions/office-density-planning/,/da/artikler/office-density-planning/,solutions,configured,
/da/solutions/office-retrofit-rollout/,/da/artikler/office-retrofit-rollout/,solutions,configured,
/da/solutions/oil-paintings-temperature-swings/,/da/artikler/oil-paintings-temperature-swings/,solutions,configured,
/da/solutions/organ-hall-restoration/,/da/artikler/organ-hall-restoration/,solutions,configured,
/da/solutions/organ-preservation/,/da/artikler/organ-preservation/,solutions,configured,
/da/solutions/outdoor-area-cleaning-weather/,/da/artikler/outdoor-area-cleaning-weather/,solutions,configured,
/da/solutions/palace-floor-conservation/,/da/artikler/palace-floor-conservation/,solutions,configured,
/da/solutions/paper-artefact-storage/,/da/artikler/paper-artefact-storage/,solutions,configured,
/da/solutions/parking-lot-sensors/,/da/artikler/parking-lot-sensors/,solutions,configured,
/da/solutions/patient-feedback-buttons/,/da/artikler/patient-feedback-buttons/,solutions,configured,
/da/solutions/pdf-export-template/,/da/artikler/pdf-export-template/,solutions,configured,
/da/solutions/peak-load-shaving/,/da/artikler/peak-load-shaving/,solutions,configured,
/da/solutions/pharmacy-medicine-storage/,/da/artikler/pharmacy-medicine-storage/,solutions,configured,
/da/solutions/phone-booth-utilisation/,/da/artikler/phone-booth-utilisation/,solutions,configured,
/da/solutions/photographic-collection-climate/,/da/artikler/photographic-collection-climate/,solutions,configured,
/da/solutions/pilot-budget-planning/,/da/artikler/pilot-budget-planning/,solutions,configured,
/da/solutions/pilot-to-production/,/da/artikler/pilot-to-production/,solutions,configured,
/da/solutions/playground-usage-cleaning/,/da/artikler/playground-usage-cleaning/,solutions,configured,
/da/solutions/plug-load-monitoring-offices/,/da/artikler/plug-load-monitoring-offices/,solutions,configured,
/da/solutions/pollen-and-indoor-air/,/da/artikler/pollen-and-indoor-air/,solutions,configured,
/da/solutions/power-bi-connector/,/da/artikler/power-bi-connector/,solutions,configured,
/da/solutions/ppd-ppi-indoor-climate-metrics/,/da/artikler/ppd-ppi-indoor-climate-metrics/,solutions,configured,
/da/solutions/ppm-thresholds-explained/,/da/artikler/ppm-thresholds-explained/,solutions,configured,
/da/solutions/preservation-digitalisation/,/da/artikler/preservation-digitalisation/,solutions,configured,
/da/solutions/preservation-roi-dioceses/,/da/artikler/preservation-roi-dioceses/,solutions,configured,
/da/solutions/procurement-approval-checklist/,/da/artikler/procurement-approval-checklist/,solutions,configured,
/da/solutions/proptech-2026-trends/,/da/artikler/proptech-2026-trends/,solutions,configured,
/da/solutions/public-dashboards-kiosk/,/da/artikler/public-dashboards-kiosk/,solutions,configured,
/da/solutions/pv-self-consumption/,/da/artikler/pv-self-consumption/,solutions,configured,
/da/solutions/quiet-room-demand/,/da/artikler/quiet-room-demand/,solutions,configured,
/da/solutions/radio-equipment-directive/,/da/artikler/radio-equipment-directive/,solutions,configured,
/da/solutions/radon-measurement/,/da/artikler/radon-measurement/,solutions,configured,
/da/solutions/reception-visitor-flow/,/da/artikler/reception-visitor-flow/,solutions,configured,
/da/solutions/reporting-indoor-climate-to-boards/,/da/artikler/reporting-indoor-climate-to-boards/,solutions,configured,
/da/solutions/residential-care-water-safety/,/da/artikler/residential-care-water-safety/,solutions,configured,
/da/solutions/restocking-toilets-push-buttons/,/da/artikler/restocking-toilets-push-buttons/,solutions,configured,
/da/solutions/restroom-floor-leak-detection/,/da/artikler/restroom-floor-leak-detection/,solutions,configured,
/da/solutions/restroom-footfall-cleaning/,/da/artikler/restroom-footfall-cleaning/,solutions,configured,
/da/solutions/retail-employee-call-button/,/da/artikler/retail-employee-call-button/,solutions,configured,
/da/solutions/roi-brand-value-museums/,/da/artikler/roi-brand-value-museums/,solutions,configured,
/da/solutions/roi-cleaning-fte-reduction/,/da/artikler/roi-cleaning-fte-reduction/,solutions,configured,
/da/solutions/roi-dgnb-certification/,/da/artikler/roi-dgnb-certification/,solutions,configured,
/da/solutions/roi-energy-retrofit-payback/,/da/artikler/roi-energy-retrofit-payback/,solutions,configured,
/da/solutions/roi-hybrid-work-downsizing/,/da/artikler/roi-hybrid-work-downsizing/,solutions,configured,
/da/solutions/roi-insurance-premium-reduction/,/da/artikler/roi-insurance-premium-reduction/,solutions,configured,
/da/solutions/roi-preservation-insurance/,/da/artikler/roi-preservation-insurance/,solutions,configured,
/da/solutions/roi-space-right-sizing/,/da/artikler/roi-space-right-sizing/,solutions,configured,
/da/solutions/roi-tenant-satisfaction/,/da/artikler/roi-tenant-satisfaction/,solutions,configured,
/da/solutions/roi-water-damage-avoided/,/da/artikler/roi-water-damage-avoided/,solutions,configured,
/da/solutions/role-based-access-control/,/da/artikler/role-based-access-control/,solutions,configured,
/da/solutions/rollout-in-varde-municipality/,/da/artikler/rollout-in-varde-municipality/,solutions,configured,
/da/solutions/rollout-plan-portfolio/,/da/artikler/rollout-plan-portfolio/,solutions,configured,
/da/solutions/roomalyzer-architecture/,/da/artikler/roomalyzer-architecture/,solutions,configured,
/da/solutions/roomalyzer-vs-generic-iaq/,/da/artikler/roomalyzer-vs-generic-iaq/,solutions,configured,
/da/solutions/school-rollout-checklist/,/da/artikler/school-rollout-checklist/,solutions,configured,
/da/solutions/school-toilet-cleaning-schedule/,/da/artikler/school-toilet-cleaning-schedule/,solutions,configured,
/da/solutions/scim-user-provisioning/,/da/artikler/scim-user-provisioning/,solutions,configured,
/da/solutions/scoping-iot-pilot-project/,/da/artikler/scoping-iot-pilot-project/,solutions,configured,
/da/solutions/seasonal-tuning-organ/,/da/artikler/seasonal-tuning-organ/,solutions,configured,
/da/solutions/security-panic-buttons/,/da/artikler/security-panic-buttons/,solutions,configured,
/da/solutions/sensor-placement-guide/,/da/artikler/sensor-placement-guide/,solutions,configured,
/da/solutions/server-rack-door-sensors/,/da/artikler/server-rack-door-sensors/,solutions,configured,
/da/solutions/setpoint-drift-detection/,/da/artikler/setpoint-drift-detection/,solutions,configured,
/da/solutions/setpoint-tuning-algorithms/,/da/artikler/setpoint-tuning-algorithms/,solutions,configured,
/da/solutions/sewer-backup-alarms/,/da/artikler/sewer-backup-alarms/,solutions,configured,
/da/solutions/shuttle-bus-utilisation/,/da/artikler/shuttle-bus-utilisation/,solutions,configured,
/da/solutions/silent-room-pir-sensors/,/da/artikler/silent-room-pir-sensors/,solutions,configured,
/da/solutions/sprinkler-system-test-monitoring/,/da/artikler/sprinkler-system-test-monitoring/,solutions,configured,
/da/solutions/sso-integration-azure-ad/,/da/artikler/sso-integration-azure-ad/,solutions,configured,
/da/solutions/sso-okta-integration/,/da/artikler/sso-okta-integration/,solutions,configured,
/da/solutions/stakeholder-buy-in/,/da/artikler/stakeholder-buy-in/,solutions,configured,
/da/solutions/stone-monument-freeze-thaw/,/da/artikler/stone-monument-freeze-thaw/,solutions,configured,
/da/solutions/storage-battery-scheduling/,/da/artikler/storage-battery-scheduling/,solutions,configured,
/da/solutions/storm-water-basement-sensors/,/da/artikler/storm-water-basement-sensors/,solutions,configured,
/da/solutions/summer-overheating-offices/,/da/artikler/summer-overheating-offices/,solutions,configured,
/da/solutions/teacher-training-indoor-climate/,/da/artikler/teacher-training-indoor-climate/,solutions,configured,
/da/solutions/temperature-control-open-offices/,/da/artikler/temperature-control-open-offices/,solutions,configured,
/da/solutions/temperature-setpoints-energy-balance/,/da/artikler/temperature-setpoints-energy-balance/,solutions,configured,
/da/solutions/textile-conservation-climate/,/da/artikler/textile-conservation-climate/,solutions,configured,
/da/solutions/thermal-comfort-shared-offices/,/da/artikler/thermal-comfort-shared-offices/,solutions,configured,
/da/solutions/total-cost-of-ownership/,/da/artikler/total-cost-of-ownership/,solutions,configured,
/da/solutions/tourist-attraction-feedback/,/da/artikler/tourist-attraction-feedback/,solutions,configured,
/da/solutions/tourist-visitor-impact-climate/,/da/artikler/tourist-visitor-impact-climate/,solutions,configured,
/da/solutions/tv-dashboards-receptions/,/da/artikler/tv-dashboards-receptions/,solutions,configured,
/da/solutions/under-sink-sensor-placement/,/da/artikler/under-sink-sensor-placement/,solutions,configured,
/da/solutions/vault-monitoring-banks/,/da/artikler/vault-monitoring-banks/,solutions,configured,
/da/solutions/vav-control-with-co2/,/da/artikler/vav-control-with-co2/,solutions,configured,
/da/solutions/vendor-lock-in-avoidance/,/da/artikler/vendor-lock-in-avoidance/,solutions,configured,
/da/solutions/ventilation-retrofit-guide/,/da/artikler/ventilation-retrofit-guide/,solutions,configured,
/da/solutions/visitor-count-gallery-cleaning/,/da/artikler/visitor-count-gallery-cleaning/,solutions,configured,
/da/solutions/voc-levels-in-offices/,/da/artikler/voc-levels-in-offices/,solutions,configured,
/da/solutions/warehouse-picking-feedback/,/da/artikler/warehouse-picking-feedback/,solutions,configured,
/da/solutions/washing-machine-leak-sensors/,/da/artikler/washing-machine-leak-sensors/,solutions,configured,
/da/solutions/water-alarms-in-server-rooms/,/da/artikler/water-alarms-in-server-rooms/,solutions,configured,
/da/solutions/water-damage-insurance-documentation/,/da/artikler/water-damage-insurance-documentation/,solutions,configured,
/da/solutions/water-detection-stop-damage-before-it-spreads/,/da/artikler/water-detection-stop-damage-before-it-spreads/,solutions,configured,
/da/solutions/webhooks-for-alarms/,/da/artikler/webhooks-for-alarms/,solutions,configured,
/da/solutions/well-v2-indoor-air/,/da/artikler/well-v2-indoor-air/,solutions,configured,
/da/solutions/when-to-ventilate/,/da/artikler/when-to-ventilate/,solutions,configured,
/da/solutions/whisky-barrel-warehouse/,/da/artikler/whisky-barrel-warehouse/,solutions,configured,
/da/solutions/white-label-dashboards/,/da/artikler/white-label-dashboards/,solutions,configured,
/da/solutions/who-air-quality-guidelines/,/da/artikler/who-air-quality-guidelines/,solutions,configured,
/da/solutions/window-cleaning-daylight-sensors/,/da/artikler/window-cleaning-daylight-sensors/,solutions,configured,
/da/solutions/wine-cellar-humidity/,/da/artikler/wine-cellar-humidity/,solutions,configured,
/da/solutions/winter-dryness-control/,/da/artikler/winter-dryness-control/,solutions,configured,
/da/solutions/wooden-furniture-preservation/,/da/artikler/wooden-furniture-preservation/,solutions,configured,
/da/solutions/workplace-assessment-indoor-climate/,/da/artikler/workplace-assessment-indoor-climate/,solutions,configured,
/da/solutions/workplace-mix-ratio/,/da/artikler/workplace-mix-ratio/,solutions,configured,
/de/about/d-label/,/de/ueber-uns/trust-center/,about,configured,
/de/about/d-maerket/,/de/ueber-uns/trust-center/,about,configured,
/de/blog/,/de/wissenszentrum/,blog,configured,
/de/blog/en-15757-in-practice/,/de/wissenszentrum/en-15757-in-practice/,blog,configured,
/de/blog/rollout-in-varde-municipality/,/de/wissenszentrum/rollout-in-varde-municipality/,blog,configured,
/de/blog/welcome-to-the-iot-fabrikken-blog/,/de/wissenszentrum/,blog,configured,
/de/case-studies/data-skal-dimensionere-nyt-raadhus-rigtigt/,/de/referenzen/gribskov-municipality/,case-studies,configured,
/de/case-studies/deutches-museum-nordschleswig/,/de/referenzen/deutsches-museum-nordschleswig/,case-studies,configured,
/de/case-studies/erzdioezese-freiburg/,/de/referenzen/archdiocese-of-freiburg/,case-studies,configured,
/de/case-studies/kommune-norddjurs/,/de/referenzen/norddjurs-municipality/,case-studies,configured,
/de/case-studies/kommune-varde/,/de/referenzen/varde-municipality/,case-studies,configured,
/de/case-studies/norddjurs-kommun/,/de/referenzen/norddjurs-municipality/,case-studies,configured,
/de/case-studies/sweco-6/,/de/referenzen/sweco/,case-studies,configured,
/de/case-studies/varde-kommun/,/de/referenzen/varde-municipality/,case-studies,configured,
/de/case-studies/varde-kommune-3/,/de/referenzen/varde-municipality/,case-studies,configured,
/de/case/archdiocese-of-freiburg/,/de/referenzen/archdiocese-of-freiburg/,legacy-case-singular,configured,
/de/case/boligselskabet-sjaelland/,/de/referenzen/boligselskabet-sjaelland/,legacy-case-singular,configured,
/de/case/dansk-industri/,/de/referenzen/dansk-industri/,legacy-case-singular,configured,
/de/case/data-skal-dimensionere-nyt-raadhus-rigtigt/,/de/referenzen/gribskov-municipality/,legacy-case-singular,configured,
/de/case/deutches-museum-nordschleswig/,/de/referenzen/deutsches-museum-nordschleswig/,legacy-case-singular,configured,
/de/case/deutsches-museum-nordschleswig/,/de/referenzen/deutsches-museum-nordschleswig/,legacy-case-singular,configured,
/de/case/erzdioezese-freiburg/,/de/referenzen/archdiocese-of-freiburg/,legacy-case-singular,configured,
/de/case/evangelische-kirche-in-hessen-und-nassau/,/de/referenzen/evangelische-kirche-in-hessen-und-nassau/,legacy-case-singular,configured,
/de/case/faaborg-museum/,/de/referenzen/faaborg-museum/,legacy-case-singular,configured,
/de/case/gribskov-kommune/,/de/referenzen/gribskov-kommune/,legacy-case-singular,configured,
/de/case/gribskov-municipality/,/de/referenzen/gribskov-municipality/,legacy-case-singular,configured,
/de/case/hj-energi/,/de/referenzen/hj-energi/,legacy-case-singular,configured,
/de/case/holbaek-kommune/,/de/referenzen/holbaek-kommune/,legacy-case-singular,configured,
/de/case/kommune-norddjurs/,/de/referenzen/norddjurs-municipality/,legacy-case-singular,configured,
/de/case/kommune-varde/,/de/referenzen/varde-municipality/,legacy-case-singular,configured,
/de/case/norddjurs-kommun/,/de/referenzen/norddjurs-municipality/,legacy-case-singular,configured,
/de/case/norddjurs-municipality/,/de/referenzen/norddjurs-municipality/,legacy-case-singular,configured,
/de/case/rudersdal-museer/,/de/referenzen/rudersdal-museer/,legacy-case-singular,configured,
/de/case/skade-teknik/,/de/referenzen/skade-teknik/,legacy-case-singular,configured,
/de/case/solroed-kommune/,/de/referenzen/solroed-kommune/,legacy-case-singular,configured,
/de/case/sweco-6/,/de/referenzen/sweco/,legacy-case-singular,configured,
/de/case/sweco/,/de/referenzen/sweco/,legacy-case-singular,configured,
/de/case/varde-kommun/,/de/referenzen/varde-municipality/,legacy-case-singular,configured,
/de/case/varde-kommune-3/,/de/referenzen/varde-municipality/,legacy-case-singular,configured,
/de/case/varde-municipality/,/de/referenzen/varde-municipality/,legacy-case-singular,configured,
/de/case/vejen-kommune/,/de/referenzen/vejen-kommune/,legacy-case-singular,configured,
/de/case/zealand-erhvervsakademi/,/de/referenzen/zealand-erhvervsakademi/,legacy-case-singular,configured,
/de/cases/,/de/referenzen/,case-studies,configured,
/de/events/worktech26-stockholm/,/de/veranstaltungen/,events,configured,
/de/library/,/de/wissenszentrum/,library,configured,
/de/library/after-hours-door-alarms/,/de/wissenszentrum/after-hours-door-alarms/,library,configured,
/de/library/ai-in-facility-management/,/de/wissenszentrum/ai-in-facility-management/,library,configured,
/de/library/air-quality-auditoriums/,/de/wissenszentrum/air-quality-auditoriums/,library,configured,
/de/library/air-quality-libraries/,/de/wissenszentrum/air-quality-libraries/,library,configured,
/de/library/air-quality-sports-halls/,/de/wissenszentrum/air-quality-sports-halls/,library,configured,
/de/library/air-quality-trends-over-seasons/,/de/wissenszentrum/air-quality-trends-over-seasons/,library,configured,
/de/library/airport-restroom-cleaning-sla/,/de/wissenszentrum/airport-restroom-cleaning-sla/,library,configured,
/de/library/alarm-escalation-chains/,/de/wissenszentrum/alarm-escalation-chains/,library,configured,
/de/library/alarms-for-indoor-climate/,/de/wissenszentrum/alarms-for-indoor-climate/,library,configured,
/de/library/altar-pieces-humidity/,/de/wissenszentrum/altar-pieces-humidity/,library,configured,
/de/library/api-authentication-oauth/,/de/wissenszentrum/api-authentication-oauth/,library,configured,
/de/library/api-rate-limits/,/de/wissenszentrum/api-rate-limits/,library,configured,
/de/library/archive-retrofit-rollout/,/de/wissenszentrum/archive-retrofit-rollout/,library,configured,
/de/library/archive-temperature-control/,/de/wissenszentrum/archive-temperature-control/,library,configured,
/de/library/art-storage-vault-access/,/de/wissenszentrum/art-storage-vault-access/,library,configured,
/de/library/ashrae-62-1-guidance/,/de/wissenszentrum/ashrae-62-1-guidance/,library,configured,
/de/library/audit-logs-for-admins/,/de/wissenszentrum/audit-logs-for-admins/,library,configured,
/de/library/battery-lifetime-tuning/,/de/wissenszentrum/battery-lifetime-tuning/,library,configured,
/de/library/behavioural-energy-savings/,/de/wissenszentrum/behavioural-energy-savings/,library,configured,
/de/library/bike-rack-occupancy/,/de/wissenszentrum/bike-rack-occupancy/,library,configured,
/de/library/bike-storage-door-status/,/de/wissenszentrum/bike-storage-door-status/,library,configured,
/de/library/boiler-cycling-analytics/,/de/wissenszentrum/boiler-cycling-analytics/,library,configured,
/de/library/boiler-room-flood-sensors/,/de/wissenszentrum/boiler-room-flood-sensors/,library,configured,
/de/library/bookable-zones-dynamic-pricing/,/de/wissenszentrum/bookable-zones-dynamic-pricing/,library,configured,
/de/library/br18-indoor-climate/,/de/wissenszentrum/br18-indoor-climate/,library,configured,
/de/library/break-room-usage/,/de/wissenszentrum/break-room-usage/,library,configured,
/de/library/building-iot-business-case/,/de/wissenszentrum/building-iot-business-case/,library,configured,
/de/library/button-battery-lifetime/,/de/wissenszentrum/button-battery-lifetime/,library,configured,
/de/library/button-heatmap-analysis/,/de/wissenszentrum/button-heatmap-analysis/,library,configured,
/de/library/cafeteria-peak-hours/,/de/wissenszentrum/cafeteria-peak-hours/,library,configured,
/de/library/calibration-intervals-explained/,/de/wissenszentrum/calibration-intervals-explained/,library,configured,
/de/library/canteen-capacity-planning/,/de/wissenszentrum/canteen-capacity-planning/,library,configured,
/de/library/canteen-cleaning-triggers/,/de/wissenszentrum/canteen-cleaning-triggers/,library,configured,
/de/library/ce-marking-iot-devices/,/de/wissenszentrum/ce-marking-iot-devices/,library,configured,
/de/library/chapel-climate-sensors/,/de/wissenszentrum/chapel-climate-sensors/,library,configured,
/de/library/chemical-cabinet-audit-trail/,/de/wissenszentrum/chemical-cabinet-audit-trail/,library,configured,
/de/library/chilled-beam-condensation/,/de/wissenszentrum/chilled-beam-condensation/,library,configured,
/de/library/choosing-sensor-placement/,/de/wissenszentrum/choosing-sensor-placement/,library,configured,
/de/library/church-interior-rh-bands/,/de/wissenszentrum/church-interior-rh-bands/,library,configured,
/de/library/classroom-feedback-teachers/,/de/wissenszentrum/classroom-feedback-teachers/,library,configured,
/de/library/classroom-timetable-vs-usage/,/de/wissenszentrum/classroom-timetable-vs-usage/,library,configured,
/de/library/classroom-ventilation-checklist/,/de/wissenszentrum/classroom-ventilation-checklist/,library,configured,
/de/library/cleaning-chemicals-voc/,/de/wissenszentrum/cleaning-chemicals-voc/,library,configured,
/de/library/cleaning-cupboard-audit/,/de/wissenszentrum/cleaning-cupboard-audit/,library,configured,
/de/library/cleaning-request-buttons-restrooms/,/de/wissenszentrum/cleaning-request-buttons-restrooms/,library,configured,
/de/library/cleaning-robot-orchestration/,/de/wissenszentrum/cleaning-robot-orchestration/,library,configured,
/de/library/cleaning-sla-via-buttons/,/de/wissenszentrum/cleaning-sla-via-buttons/,library,configured,
/de/library/cleaning-team-onboarding/,/de/wissenszentrum/cleaning-team-onboarding/,library,configured,
/de/library/climate-control-vestries/,/de/wissenszentrum/climate-control-vestries/,library,configured,
/de/library/co-working-end-of-day-cleaning/,/de/wissenszentrum/co-working-end-of-day-cleaning/,library,configured,
/de/library/co2-based-hvac-demand-control/,/de/wissenszentrum/co2-based-hvac-demand-control/,library,configured,
/de/library/co2-in-meeting-rooms/,/de/wissenszentrum/co2-in-meeting-rooms/,library,configured,
/de/library/co2-monitoring-in-schools/,/de/wissenszentrum/co2-monitoring-in-schools/,library,configured,
/de/library/cold-storage-door-open-alarms/,/de/wissenszentrum/cold-storage-door-open-alarms/,library,configured,
/de/library/comfort-complaints-data-driven/,/de/wissenszentrum/comfort-complaints-data-driven/,library,configured,
/de/library/conference-centre-utilisation/,/de/wissenszentrum/conference-centre-utilisation/,library,configured,
/de/library/conference-room-issue-reporting/,/de/wissenszentrum/conference-room-issue-reporting/,library,configured,
/de/library/cooking-fumes-kitchens/,/de/wissenszentrum/cooking-fumes-kitchens/,library,configured,
/de/library/covid-era-density-legacy/,/de/wissenszentrum/covid-era-density-legacy/,library,configured,
/de/library/coworking-day-pass-demand/,/de/wissenszentrum/coworking-day-pass-demand/,library,configured,
/de/library/coworking-space-optimisation/,/de/wissenszentrum/coworking-space-optimisation/,library,configured,
/de/library/crawl-space-humidity-alarms/,/de/wissenszentrum/crawl-space-humidity-alarms/,library,configured,
/de/library/crypt-climate-monitoring/,/de/wissenszentrum/crypt-climate-monitoring/,library,configured,
/de/library/csrd-scope-1-2-3-data/,/de/wissenszentrum/csrd-scope-1-2-3-data/,library,configured,
/de/library/custom-reports-builder/,/de/wissenszentrum/custom-reports-builder/,library,configured,
/de/library/daily-cycles-church-climate/,/de/wissenszentrum/daily-cycles-church-climate/,library,configured,
/de/library/danish-work-environment-act/,/de/wissenszentrum/danish-work-environment-act/,library,configured,
/de/library/data-literacy-facility-managers/,/de/wissenszentrum/data-literacy-facility-managers/,library,configured,
/de/library/data-residency-eu/,/de/wissenszentrum/data-residency-eu/,library,configured,
/de/library/data-retention-policies/,/de/wissenszentrum/data-retention-policies/,library,configured,
/de/library/datacentre-high-availability/,/de/wissenszentrum/datacentre-high-availability/,library,configured,
/de/library/delivery-door-temperature/,/de/wissenszentrum/delivery-door-temperature/,library,configured,
/de/library/demand-based-cleaning-offices/,/de/wissenszentrum/demand-based-cleaning-offices/,library,configured,
/de/library/deployment-timeline-expectations/,/de/wissenszentrum/deployment-timeline-expectations/,library,configured,
/de/library/desk-sharing-utilisation/,/de/wissenszentrum/desk-sharing-utilisation/,library,configured,
/de/library/dgnb-hvb-score/,/de/wissenszentrum/dgnb-hvb-score/,library,configured,
/de/library/dgnb-preservation-documentation/,/de/wissenszentrum/dgnb-preservation-documentation/,library,configured,
/de/library/digital-twins-smart-buildings/,/de/wissenszentrum/digital-twins-smart-buildings/,library,configured,
/de/library/diocese-onboarding-preservation/,/de/wissenszentrum/diocese-onboarding-preservation/,library,configured,
/de/library/dishwasher-overflow-detection/,/de/wissenszentrum/dishwasher-overflow-detection/,library,configured,
/de/library/dispenser-refill-signals/,/de/wissenszentrum/dispenser-refill-signals/,library,configured,
/de/library/district-heating-optimisation/,/de/wissenszentrum/district-heating-optimisation/,library,configured,
/de/library/dust-particles-pm25/,/de/wissenszentrum/dust-particles-pm25/,library,configured,
/de/library/dynamic-cleaning-prioritisation/,/de/wissenszentrum/dynamic-cleaning-prioritisation/,library,configured,
/de/library/en-15251-historical/,/de/wissenszentrum/en-15251-historical/,library,configured,
/de/library/en-15757-explained/,/de/wissenszentrum/en-15757-explained/,library,configured,
/de/library/en-15757-in-practice/,/de/wissenszentrum/en-15757-in-practice/,library,configured,
/de/library/en-15757-preservation/,/de/wissenszentrum/en-15757-preservation/,library,configured,
/de/library/en-16798-explained/,/de/wissenszentrum/en-16798-explained/,library,configured,
/de/library/energy-benchmarks-offices/,/de/wissenszentrum/energy-benchmarks-offices/,library,configured,
/de/library/energy-benchmarks-schools/,/de/wissenszentrum/energy-benchmarks-schools/,library,configured,
/de/library/energy-rating-brf-homes/,/de/wissenszentrum/energy-rating-brf-homes/,library,configured,
/de/library/energy-waste-anomalies/,/de/wissenszentrum/energy-waste-anomalies/,library,configured,
/de/library/equipment-cabinet-access-logs/,/de/wissenszentrum/equipment-cabinet-access-logs/,library,configured,
/de/library/esg-reporting-buildings/,/de/wissenszentrum/esg-reporting-buildings/,library,configured,
/de/library/esg-reporting-mandates/,/de/wissenszentrum/esg-reporting-mandates/,library,configured,
/de/library/eu-ecodesign-directive/,/de/wissenszentrum/eu-ecodesign-directive/,library,configured,
/de/library/facility-issue-escalation/,/de/wissenszentrum/facility-issue-escalation/,library,configured,
/de/library/fan-coil-unit-leak-detection/,/de/wissenszentrum/fan-coil-unit-leak-detection/,library,configured,
/de/library/film-archive-cold-storage/,/de/wissenszentrum/film-archive-cold-storage/,library,configured,
/de/library/fire-door-open-too-long/,/de/wissenszentrum/fire-door-open-too-long/,library,configured,
/de/library/flat-roof-leak-monitoring/,/de/wissenszentrum/flat-roof-leak-monitoring/,library,configured,
/de/library/floor-occupancy-heatmaps/,/de/wissenszentrum/floor-occupancy-heatmaps/,library,configured,
/de/library/frost-damage-pipes-alarm/,/de/wissenszentrum/frost-damage-pipes-alarm/,library,configured,
/de/library/gamifying-classroom-ventilation/,/de/wissenszentrum/gamifying-classroom-ventilation/,library,configured,
/de/library/gateway-redundancy-patterns/,/de/wissenszentrum/gateway-redundancy-patterns/,library,configured,
/de/library/gdpr-data-processing/,/de/wissenszentrum/gdpr-data-processing/,library,configured,
/de/library/gdpr-sensor-data/,/de/wissenszentrum/gdpr-sensor-data/,library,configured,
/de/library/generative-ai-facility-mgmt/,/de/wissenszentrum/generative-ai-facility-mgmt/,library,configured,
/de/library/getting-started-iot-buildings/,/de/wissenszentrum/getting-started-iot-buildings/,library,configured,
/de/library/green-lease-iot-data/,/de/wissenszentrum/green-lease-iot-data/,library,configured,
/de/library/greenhouse-orchid-culture/,/de/wissenszentrum/greenhouse-orchid-culture/,library,configured,
/de/library/gutter-overflow-detection/,/de/wissenszentrum/gutter-overflow-detection/,library,configured,
/de/library/gym-capacity-monitoring/,/de/wissenszentrum/gym-capacity-monitoring/,library,configured,
/de/library/gym-equipment-wipe-downs/,/de/wissenszentrum/gym-equipment-wipe-downs/,library,configured,
/de/library/gym-locker-turnover/,/de/wissenszentrum/gym-locker-turnover/,library,configured,
/de/library/handyman-callout-buttons/,/de/wissenszentrum/handyman-callout-buttons/,library,configured,
/de/library/heat-loss-windows-climate/,/de/wissenszentrum/heat-loss-windows-climate/,library,configured,
/de/library/heat-recovery-effectiveness/,/de/wissenszentrum/heat-recovery-effectiveness/,library,configured,
/de/library/historic-building-leak-risks/,/de/wissenszentrum/historic-building-leak-risks/,library,configured,
/de/library/historic-window-condensation/,/de/wissenszentrum/historic-window-condensation/,library,configured,
/de/library/hospital-staff-locker-monitoring/,/de/wissenszentrum/hospital-staff-locker-monitoring/,library,configured,
/de/library/hospital-terminal-cleaning/,/de/wissenszentrum/hospital-terminal-cleaning/,library,configured,
/de/library/hospital-ward-rollout/,/de/wissenszentrum/hospital-ward-rollout/,library,configured,
/de/library/hot-desking-data/,/de/wissenszentrum/hot-desking-data/,library,configured,
/de/library/hotel-bathroom-leak-detection/,/de/wissenszentrum/hotel-bathroom-leak-detection/,library,configured,
/de/library/hotel-room-cleaning-pirs/,/de/wissenszentrum/hotel-room-cleaning-pirs/,library,configured,
/de/library/hotel-room-service-buttons/,/de/wissenszentrum/hotel-room-service-buttons/,library,configured,
/de/library/how-to-write-iot-rfp/,/de/wissenszentrum/how-to-write-iot-rfp/,library,configured,
/de/library/humidifier-dehumidifier-automation/,/de/wissenszentrum/humidifier-dehumidifier-automation/,library,configured,
/de/library/humidity-hospital-wards/,/de/wissenszentrum/humidity-hospital-wards/,library,configured,
/de/library/humidity-in-churches/,/de/wissenszentrum/humidity-in-churches/,library,configured,
/de/library/humidity-management-classrooms/,/de/wissenszentrum/humidity-management-classrooms/,library,configured,
/de/library/hvac-failure-alerts-archives/,/de/wissenszentrum/hvac-failure-alerts-archives/,library,configured,
/de/library/hybrid-work-data-trends/,/de/wissenszentrum/hybrid-work-data-trends/,library,configured,
/de/library/hybrid-work-patterns/,/de/wissenszentrum/hybrid-work-patterns/,library,configured,
/de/library/iaq-dashboards-for-facility-managers/,/de/wissenszentrum/iaq-dashboards-for-facility-managers/,library,configured,
/de/library/ice-machine-leak-detection/,/de/wissenszentrum/ice-machine-leak-detection/,library,configured,
/de/library/iconostasis-climate/,/de/wissenszentrum/iconostasis-climate/,library,configured,
/de/library/incident-response-sla/,/de/wissenszentrum/incident-response-sla/,library,configured,
/de/library/indoor-air-quality-hospitals/,/de/wissenszentrum/indoor-air-quality-hospitals/,library,configured,
/de/library/indoor-climate-audits/,/de/wissenszentrum/indoor-climate-audits/,library,configured,
/de/library/indoor-climate-care-homes/,/de/wissenszentrum/indoor-climate-care-homes/,library,configured,
/de/library/indoor-climate-home-offices/,/de/wissenszentrum/indoor-climate-home-offices/,library,configured,
/de/library/indoor-climate-kindergartens/,/de/wissenszentrum/indoor-climate-kindergartens/,library,configured,
/de/library/indoor-climate-nursing-homes/,/de/wissenszentrum/indoor-climate-nursing-homes/,library,configured,
/de/library/indoor-climate-retail/,/de/wissenszentrum/indoor-climate-retail/,library,configured,
/de/library/insurance-deductible-reduction/,/de/wissenszentrum/insurance-deductible-reduction/,library,configured,
/de/library/insurance-documentation-museums/,/de/wissenszentrum/insurance-documentation-museums/,library,configured,
/de/library/integration-azure-iot-hub/,/de/wissenszentrum/integration-azure-iot-hub/,library,configured,
/de/library/integration-dalux/,/de/wissenszentrum/integration-dalux/,library,configured,
/de/library/integration-google-calendar/,/de/wissenszentrum/integration-google-calendar/,library,configured,
/de/library/integration-microsoft-teams/,/de/wissenszentrum/integration-microsoft-teams/,library,configured,
/de/library/integration-niagara-tridium/,/de/wissenszentrum/integration-niagara-tridium/,library,configured,
/de/library/integration-os2iot/,/de/wissenszentrum/integration-os2iot/,library,configured,
/de/library/integration-power-bi/,/de/wissenszentrum/integration-power-bi/,library,configured,
/de/library/integration-pronestor/,/de/wissenszentrum/integration-pronestor/,library,configured,
/de/library/integration-schneider-ecostruxure/,/de/wissenszentrum/integration-schneider-ecostruxure/,library,configured,
/de/library/integration-servicenow/,/de/wissenszentrum/integration-servicenow/,library,configured,
/de/library/integration-siemens-desigo/,/de/wissenszentrum/integration-siemens-desigo/,library,configured,
/de/library/integration-slack-alerts/,/de/wissenszentrum/integration-slack-alerts/,library,configured,
/de/library/interpreting-iot-dashboards/,/de/wissenszentrum/interpreting-iot-dashboards/,library,configured,
/de/library/iot-aquariums/,/de/wissenszentrum/iot-aquariums/,library,configured,
/de/library/iot-bakeries/,/de/wissenszentrum/iot-bakeries/,library,configured,
/de/library/iot-bowling-alleys/,/de/wissenszentrum/iot-bowling-alleys/,library,configured,
/de/library/iot-breweries/,/de/wissenszentrum/iot-breweries/,library,configured,
/de/library/iot-climbing-gyms/,/de/wissenszentrum/iot-climbing-gyms/,library,configured,
/de/library/iot-concert-halls/,/de/wissenszentrum/iot-concert-halls/,library,configured,
/de/library/iot-dental-offices/,/de/wissenszentrum/iot-dental-offices/,library,configured,
/de/library/iot-driving-schools/,/de/wissenszentrum/iot-driving-schools/,library,configured,
/de/library/iot-escape-rooms/,/de/wissenszentrum/iot-escape-rooms/,library,configured,
/de/library/iot-fishery-ports/,/de/wissenszentrum/iot-fishery-ports/,library,configured,
/de/library/iot-funeral-homes/,/de/wissenszentrum/iot-funeral-homes/,library,configured,
/de/library/iot-greenhouses/,/de/wissenszentrum/iot-greenhouses/,library,configured,
/de/library/iot-marinas/,/de/wissenszentrum/iot-marinas/,library,configured,
/de/library/iot-music-rehearsal/,/de/wissenszentrum/iot-music-rehearsal/,library,configured,
/de/library/iot-pharmacies/,/de/wissenszentrum/iot-pharmacies/,library,configured,
/de/library/iot-procurement-guide/,/de/wissenszentrum/iot-procurement-guide/,library,configured,
/de/library/iot-sensors-vs-manual-checks/,/de/wissenszentrum/iot-sensors-vs-manual-checks/,library,configured,
/de/library/iot-sports-stadiums/,/de/wissenszentrum/iot-sports-stadiums/,library,configured,
/de/library/iot-veterinary-clinics/,/de/wissenszentrum/iot-veterinary-clinics/,library,configured,
/de/library/iot-wineries/,/de/wissenszentrum/iot-wineries/,library,configured,
/de/library/iot-yoga-studios/,/de/wissenszentrum/iot-yoga-studios/,library,configured,
/de/library/iot-zoos/,/de/wissenszentrum/iot-zoos/,library,configured,
/de/library/iso-19650-bim-iot/,/de/wissenszentrum/iso-19650-bim-iot/,library,configured,
/de/library/iso-27001-platform/,/de/wissenszentrum/iso-27001-platform/,library,configured,
/de/library/kitchen-equipment-reporting/,/de/wissenszentrum/kitchen-equipment-reporting/,library,configured,
/de/library/lab-incident-reporting/,/de/wissenszentrum/lab-incident-reporting/,library,configured,
/de/library/leak-alarm-escalation-ladder/,/de/wissenszentrum/leak-alarm-escalation-ladder/,library,configured,
/de/library/leak-sensors-for-basements-and-plant-rooms/,/de/wissenszentrum/leak-sensors-for-basements-and-plant-rooms/,library,configured,
/de/library/leather-book-spine-humidity/,/de/wissenszentrum/leather-book-spine-humidity/,library,configured,
/de/library/leed-indoor-air-quality/,/de/wissenszentrum/leed-indoor-air-quality/,library,configured,
/de/library/library-book-preservation/,/de/wissenszentrum/library-book-preservation/,library,configured,
/de/library/library-study-room-bookings/,/de/wissenszentrum/library-study-room-bookings/,library,configured,
/de/library/lights-out-automation/,/de/wissenszentrum/lights-out-automation/,library,configured,
/de/library/loaning-artefacts-travel-logger/,/de/wissenszentrum/loaning-artefacts-travel-logger/,library,configured,
/de/library/locker-booking-corporate/,/de/wissenszentrum/locker-booking-corporate/,library,configured,
/de/library/locker-occupancy-schools/,/de/wissenszentrum/locker-occupancy-schools/,library,configured,
/de/library/lorawan-vs-nb-iot-rf-budget/,/de/wissenszentrum/lorawan-vs-nb-iot-rf-budget/,library,configured,
/de/library/maintaining-iot-fleet/,/de/wissenszentrum/maintaining-iot-fleet/,library,configured,
/de/library/manor-castle-climate-monitoring/,/de/wissenszentrum/manor-castle-climate-monitoring/,library,configured,
/de/library/maps-floorplans-upload/,/de/wissenszentrum/maps-floorplans-upload/,library,configured,
/de/library/marzipan-art-storage/,/de/wissenszentrum/marzipan-art-storage/,library,configured,
/de/library/medicine-cabinet-compliance/,/de/wissenszentrum/medicine-cabinet-compliance/,library,configured,
/de/library/meeting-room-booking-no-shows/,/de/wissenszentrum/meeting-room-booking-no-shows/,library,configured,
/de/library/meeting-room-dashboards-tv/,/de/wissenszentrum/meeting-room-dashboards-tv/,library,configured,
/de/library/meeting-room-right-sizing/,/de/wissenszentrum/meeting-room-right-sizing/,library,configured,
/de/library/metal-corrosion-humidity/,/de/wissenszentrum/metal-corrosion-humidity/,library,configured,
/de/library/meter-cabinet-monitoring/,/de/wissenszentrum/meter-cabinet-monitoring/,library,configured,
/de/library/mobile-app-field-techs/,/de/wissenszentrum/mobile-app-field-techs/,library,configured,
/de/library/mould-prevention-humidity/,/de/wissenszentrum/mould-prevention-humidity/,library,configured,
/de/library/mqtt-integration/,/de/wissenszentrum/mqtt-integration/,library,configured,
/de/library/multi-campus-space-benchmarking/,/de/wissenszentrum/multi-campus-space-benchmarking/,library,configured,
/de/library/multi-tenant-access-control/,/de/wissenszentrum/multi-tenant-access-control/,library,configured,
/de/library/municipality-rollout-playbook/,/de/wissenszentrum/municipality-rollout-playbook/,library,configured,
/de/library/museum-pest-monitoring/,/de/wissenszentrum/museum-pest-monitoring/,library,configured,
/de/library/museum-rollout-playbook/,/de/wissenszentrum/museum-rollout-playbook/,library,configured,
/de/library/museum-storage-climate/,/de/wissenszentrum/museum-storage-climate/,library,configured,
/de/library/nb-iot-adoption-nordics/,/de/wissenszentrum/nb-iot-adoption-nordics/,library,configured,
/de/library/nfc-vs-lorawan-buttons/,/de/wissenszentrum/nfc-vs-lorawan-buttons/,library,configured,
/de/library/night-setback-heating/,/de/wissenszentrum/night-setback-heating/,library,configured,
/de/library/night-ventilation-strategies/,/de/wissenszentrum/night-ventilation-strategies/,library,configured,
/de/library/nordic-museum-iot-adoption/,/de/wissenszentrum/nordic-museum-iot-adoption/,library,configured,
/de/library/nurse-call-aware-cleaning/,/de/wissenszentrum/nurse-call-aware-cleaning/,library,configured,
/de/library/occupancy-sensors-offices/,/de/wissenszentrum/occupancy-sensors-offices/,library,configured,
/de/library/occupied-unoccupied-hvac/,/de/wissenszentrum/occupied-unoccupied-hvac/,library,configured,
/de/library/office-density-planning/,/de/wissenszentrum/office-density-planning/,library,configured,
/de/library/office-retrofit-rollout/,/de/wissenszentrum/office-retrofit-rollout/,library,configured,
/de/library/oil-paintings-temperature-swings/,/de/wissenszentrum/oil-paintings-temperature-swings/,library,configured,
/de/library/organ-hall-restoration/,/de/wissenszentrum/organ-hall-restoration/,library,configured,
/de/library/organ-preservation/,/de/wissenszentrum/organ-preservation/,library,configured,
/de/library/outdoor-area-cleaning-weather/,/de/wissenszentrum/outdoor-area-cleaning-weather/,library,configured,
/de/library/palace-floor-conservation/,/de/wissenszentrum/palace-floor-conservation/,library,configured,
/de/library/paper-artefact-storage/,/de/wissenszentrum/paper-artefact-storage/,library,configured,
/de/library/parking-lot-sensors/,/de/wissenszentrum/parking-lot-sensors/,library,configured,
/de/library/patient-feedback-buttons/,/de/wissenszentrum/patient-feedback-buttons/,library,configured,
/de/library/pdf-export-template/,/de/wissenszentrum/pdf-export-template/,library,configured,
/de/library/peak-load-shaving/,/de/wissenszentrum/peak-load-shaving/,library,configured,
/de/library/pharmacy-medicine-storage/,/de/wissenszentrum/pharmacy-medicine-storage/,library,configured,
/de/library/phone-booth-utilisation/,/de/wissenszentrum/phone-booth-utilisation/,library,configured,
/de/library/photographic-collection-climate/,/de/wissenszentrum/photographic-collection-climate/,library,configured,
/de/library/pilot-budget-planning/,/de/wissenszentrum/pilot-budget-planning/,library,configured,
/de/library/pilot-to-production/,/de/wissenszentrum/pilot-to-production/,library,configured,
/de/library/playground-usage-cleaning/,/de/wissenszentrum/playground-usage-cleaning/,library,configured,
/de/library/plug-load-monitoring-offices/,/de/wissenszentrum/plug-load-monitoring-offices/,library,configured,
/de/library/pollen-and-indoor-air/,/de/wissenszentrum/pollen-and-indoor-air/,library,configured,
/de/library/power-bi-connector/,/de/wissenszentrum/power-bi-connector/,library,configured,
/de/library/ppd-ppi-indoor-climate-metrics/,/de/wissenszentrum/ppd-ppi-indoor-climate-metrics/,library,configured,
/de/library/ppm-thresholds-explained/,/de/wissenszentrum/ppm-thresholds-explained/,library,configured,
/de/library/preservation-digitalisation/,/de/wissenszentrum/preservation-digitalisation/,library,configured,
/de/library/preservation-roi-dioceses/,/de/wissenszentrum/preservation-roi-dioceses/,library,configured,
/de/library/procurement-approval-checklist/,/de/wissenszentrum/procurement-approval-checklist/,library,configured,
/de/library/proptech-2026-trends/,/de/wissenszentrum/proptech-2026-trends/,library,configured,
/de/library/public-dashboards-kiosk/,/de/wissenszentrum/public-dashboards-kiosk/,library,configured,
/de/library/pv-self-consumption/,/de/wissenszentrum/pv-self-consumption/,library,configured,
/de/library/quiet-room-demand/,/de/wissenszentrum/quiet-room-demand/,library,configured,
/de/library/radio-equipment-directive/,/de/wissenszentrum/radio-equipment-directive/,library,configured,
/de/library/radon-measurement/,/de/wissenszentrum/radon-measurement/,library,configured,
/de/library/reception-visitor-flow/,/de/wissenszentrum/reception-visitor-flow/,library,configured,
/de/library/reporting-indoor-climate-to-boards/,/de/wissenszentrum/reporting-indoor-climate-to-boards/,library,configured,
/de/library/residential-care-water-safety/,/de/wissenszentrum/residential-care-water-safety/,library,configured,
/de/library/restocking-toilets-push-buttons/,/de/wissenszentrum/restocking-toilets-push-buttons/,library,configured,
/de/library/restroom-floor-leak-detection/,/de/wissenszentrum/restroom-floor-leak-detection/,library,configured,
/de/library/restroom-footfall-cleaning/,/de/wissenszentrum/restroom-footfall-cleaning/,library,configured,
/de/library/retail-employee-call-button/,/de/wissenszentrum/retail-employee-call-button/,library,configured,
/de/library/roi-brand-value-museums/,/de/wissenszentrum/roi-brand-value-museums/,library,configured,
/de/library/roi-cleaning-fte-reduction/,/de/wissenszentrum/roi-cleaning-fte-reduction/,library,configured,
/de/library/roi-dgnb-certification/,/de/wissenszentrum/roi-dgnb-certification/,library,configured,
/de/library/roi-energy-retrofit-payback/,/de/wissenszentrum/roi-energy-retrofit-payback/,library,configured,
/de/library/roi-hybrid-work-downsizing/,/de/wissenszentrum/roi-hybrid-work-downsizing/,library,configured,
/de/library/roi-insurance-premium-reduction/,/de/wissenszentrum/roi-insurance-premium-reduction/,library,configured,
/de/library/roi-preservation-insurance/,/de/wissenszentrum/roi-preservation-insurance/,library,configured,
/de/library/roi-space-right-sizing/,/de/wissenszentrum/roi-space-right-sizing/,library,configured,
/de/library/roi-tenant-satisfaction/,/de/wissenszentrum/roi-tenant-satisfaction/,library,configured,
/de/library/roi-water-damage-avoided/,/de/wissenszentrum/roi-water-damage-avoided/,library,configured,
/de/library/role-based-access-control/,/de/wissenszentrum/role-based-access-control/,library,configured,
/de/library/rollout-in-varde-municipality/,/de/wissenszentrum/rollout-in-varde-municipality/,library,configured,
/de/library/rollout-plan-portfolio/,/de/wissenszentrum/rollout-plan-portfolio/,library,configured,
/de/library/roomalyzer-architecture/,/de/wissenszentrum/roomalyzer-architecture/,library,configured,
/de/library/roomalyzer-vs-generic-iaq/,/de/wissenszentrum/roomalyzer-vs-generic-iaq/,library,configured,
/de/library/school-rollout-checklist/,/de/wissenszentrum/school-rollout-checklist/,library,configured,
/de/library/school-toilet-cleaning-schedule/,/de/wissenszentrum/school-toilet-cleaning-schedule/,library,configured,
/de/library/scim-user-provisioning/,/de/wissenszentrum/scim-user-provisioning/,library,configured,
/de/library/scoping-iot-pilot-project/,/de/wissenszentrum/scoping-iot-pilot-project/,library,configured,
/de/library/seasonal-tuning-organ/,/de/wissenszentrum/seasonal-tuning-organ/,library,configured,
/de/library/security-panic-buttons/,/de/wissenszentrum/security-panic-buttons/,library,configured,
/de/library/sensor-placement-guide/,/de/wissenszentrum/sensor-placement-guide/,library,configured,
/de/library/server-rack-door-sensors/,/de/wissenszentrum/server-rack-door-sensors/,library,configured,
/de/library/setpoint-drift-detection/,/de/wissenszentrum/setpoint-drift-detection/,library,configured,
/de/library/setpoint-tuning-algorithms/,/de/wissenszentrum/setpoint-tuning-algorithms/,library,configured,
/de/library/sewer-backup-alarms/,/de/wissenszentrum/sewer-backup-alarms/,library,configured,
/de/library/shuttle-bus-utilisation/,/de/wissenszentrum/shuttle-bus-utilisation/,library,configured,
/de/library/silent-room-pir-sensors/,/de/wissenszentrum/silent-room-pir-sensors/,library,configured,
/de/library/sprinkler-system-test-monitoring/,/de/wissenszentrum/sprinkler-system-test-monitoring/,library,configured,
/de/library/sso-integration-azure-ad/,/de/wissenszentrum/sso-integration-azure-ad/,library,configured,
/de/library/sso-okta-integration/,/de/wissenszentrum/sso-okta-integration/,library,configured,
/de/library/stakeholder-buy-in/,/de/wissenszentrum/stakeholder-buy-in/,library,configured,
/de/library/stone-monument-freeze-thaw/,/de/wissenszentrum/stone-monument-freeze-thaw/,library,configured,
/de/library/storage-battery-scheduling/,/de/wissenszentrum/storage-battery-scheduling/,library,configured,
/de/library/storm-water-basement-sensors/,/de/wissenszentrum/storm-water-basement-sensors/,library,configured,
/de/library/summer-overheating-offices/,/de/wissenszentrum/summer-overheating-offices/,library,configured,
/de/library/tags/,/de/wissenszentrum/tags/,library,configured,
/de/library/teacher-training-indoor-climate/,/de/wissenszentrum/teacher-training-indoor-climate/,library,configured,
/de/library/temperature-control-open-offices/,/de/wissenszentrum/temperature-control-open-offices/,library,configured,
/de/library/temperature-setpoints-energy-balance/,/de/wissenszentrum/temperature-setpoints-energy-balance/,library,configured,
/de/library/textile-conservation-climate/,/de/wissenszentrum/textile-conservation-climate/,library,configured,
/de/library/thermal-comfort-shared-offices/,/de/wissenszentrum/thermal-comfort-shared-offices/,library,configured,
/de/library/total-cost-of-ownership/,/de/wissenszentrum/total-cost-of-ownership/,library,configured,
/de/library/tourist-attraction-feedback/,/de/wissenszentrum/tourist-attraction-feedback/,library,configured,
/de/library/tourist-visitor-impact-climate/,/de/wissenszentrum/tourist-visitor-impact-climate/,library,configured,
/de/library/tv-dashboards-receptions/,/de/wissenszentrum/tv-dashboards-receptions/,library,configured,
/de/library/under-sink-sensor-placement/,/de/wissenszentrum/under-sink-sensor-placement/,library,configured,
/de/library/vault-monitoring-banks/,/de/wissenszentrum/vault-monitoring-banks/,library,configured,
/de/library/vav-control-with-co2/,/de/wissenszentrum/vav-control-with-co2/,library,configured,
/de/library/vendor-lock-in-avoidance/,/de/wissenszentrum/vendor-lock-in-avoidance/,library,configured,
/de/library/ventilation-retrofit-guide/,/de/wissenszentrum/ventilation-retrofit-guide/,library,configured,
/de/library/visitor-count-gallery-cleaning/,/de/wissenszentrum/visitor-count-gallery-cleaning/,library,configured,
/de/library/voc-levels-in-offices/,/de/wissenszentrum/voc-levels-in-offices/,library,configured,
/de/library/warehouse-picking-feedback/,/de/wissenszentrum/warehouse-picking-feedback/,library,configured,
/de/library/washing-machine-leak-sensors/,/de/wissenszentrum/washing-machine-leak-sensors/,library,configured,
/de/library/water-alarms-in-server-rooms/,/de/wissenszentrum/water-alarms-in-server-rooms/,library,configured,
/de/library/water-damage-insurance-documentation/,/de/wissenszentrum/water-damage-insurance-documentation/,library,configured,
/de/library/water-detection-stop-damage-before-it-spreads/,/de/wissenszentrum/water-detection-stop-damage-before-it-spreads/,library,configured,
/de/library/webhooks-for-alarms/,/de/wissenszentrum/webhooks-for-alarms/,library,configured,
/de/library/well-v2-indoor-air/,/de/wissenszentrum/well-v2-indoor-air/,library,configured,
/de/library/when-to-ventilate/,/de/wissenszentrum/when-to-ventilate/,library,configured,
/de/library/whisky-barrel-warehouse/,/de/wissenszentrum/whisky-barrel-warehouse/,library,configured,
/de/library/white-label-dashboards/,/de/wissenszentrum/white-label-dashboards/,library,configured,
/de/library/who-air-quality-guidelines/,/de/wissenszentrum/who-air-quality-guidelines/,library,configured,
/de/library/window-cleaning-daylight-sensors/,/de/wissenszentrum/window-cleaning-daylight-sensors/,library,configured,
/de/library/wine-cellar-humidity/,/de/wissenszentrum/wine-cellar-humidity/,library,configured,
/de/library/winter-dryness-control/,/de/wissenszentrum/winter-dryness-control/,library,configured,
/de/library/wooden-furniture-preservation/,/de/wissenszentrum/wooden-furniture-preservation/,library,configured,
/de/library/workplace-assessment-indoor-climate/,/de/wissenszentrum/workplace-assessment-indoor-climate/,library,configured,
/de/library/workplace-mix-ratio/,/de/wissenszentrum/workplace-mix-ratio/,library,configured,
/de/pricing/enterprise/,/de/preise/,pricing,configured,
/de/pricing/plans/,/de/preise/,pricing,configured,
/de/sensors/compare/,/de/vergleich/,sensors,configured,
/de/solutions/,/de/wissenszentrum/,solutions,configured,
/de/solutions/after-hours-door-alarms/,/de/wissenszentrum/after-hours-door-alarms/,solutions,configured,
/de/solutions/ai-in-facility-management/,/de/wissenszentrum/ai-in-facility-management/,solutions,configured,
/de/solutions/air-quality-auditoriums/,/de/wissenszentrum/air-quality-auditoriums/,solutions,configured,
/de/solutions/air-quality-libraries/,/de/wissenszentrum/air-quality-libraries/,solutions,configured,
/de/solutions/air-quality-sports-halls/,/de/wissenszentrum/air-quality-sports-halls/,solutions,configured,
/de/solutions/air-quality-trends-over-seasons/,/de/wissenszentrum/air-quality-trends-over-seasons/,solutions,configured,
/de/solutions/airport-restroom-cleaning-sla/,/de/wissenszentrum/airport-restroom-cleaning-sla/,solutions,configured,
/de/solutions/alarm-escalation-chains/,/de/wissenszentrum/alarm-escalation-chains/,solutions,configured,
/de/solutions/alarms-for-indoor-climate/,/de/wissenszentrum/alarms-for-indoor-climate/,solutions,configured,
/de/solutions/altar-pieces-humidity/,/de/wissenszentrum/altar-pieces-humidity/,solutions,configured,
/de/solutions/api-authentication-oauth/,/de/wissenszentrum/api-authentication-oauth/,solutions,configured,
/de/solutions/api-rate-limits/,/de/wissenszentrum/api-rate-limits/,solutions,configured,
/de/solutions/archive-retrofit-rollout/,/de/wissenszentrum/archive-retrofit-rollout/,solutions,configured,
/de/solutions/archive-temperature-control/,/de/wissenszentrum/archive-temperature-control/,solutions,configured,
/de/solutions/art-storage-vault-access/,/de/wissenszentrum/art-storage-vault-access/,solutions,configured,
/de/solutions/ashrae-62-1-guidance/,/de/wissenszentrum/ashrae-62-1-guidance/,solutions,configured,
/de/solutions/audit-logs-for-admins/,/de/wissenszentrum/audit-logs-for-admins/,solutions,configured,
/de/solutions/battery-lifetime-tuning/,/de/wissenszentrum/battery-lifetime-tuning/,solutions,configured,
/de/solutions/behavioural-energy-savings/,/de/wissenszentrum/behavioural-energy-savings/,solutions,configured,
/de/solutions/bike-rack-occupancy/,/de/wissenszentrum/bike-rack-occupancy/,solutions,configured,
/de/solutions/bike-storage-door-status/,/de/wissenszentrum/bike-storage-door-status/,solutions,configured,
/de/solutions/boiler-cycling-analytics/,/de/wissenszentrum/boiler-cycling-analytics/,solutions,configured,
/de/solutions/boiler-room-flood-sensors/,/de/wissenszentrum/boiler-room-flood-sensors/,solutions,configured,
/de/solutions/bookable-zones-dynamic-pricing/,/de/wissenszentrum/bookable-zones-dynamic-pricing/,solutions,configured,
/de/solutions/br18-indoor-climate/,/de/wissenszentrum/br18-indoor-climate/,solutions,configured,
/de/solutions/break-room-usage/,/de/wissenszentrum/break-room-usage/,solutions,configured,
/de/solutions/building-iot-business-case/,/de/wissenszentrum/building-iot-business-case/,solutions,configured,
/de/solutions/button-battery-lifetime/,/de/wissenszentrum/button-battery-lifetime/,solutions,configured,
/de/solutions/button-heatmap-analysis/,/de/wissenszentrum/button-heatmap-analysis/,solutions,configured,
/de/solutions/cafeteria-peak-hours/,/de/wissenszentrum/cafeteria-peak-hours/,solutions,configured,
/de/solutions/calibration-intervals-explained/,/de/wissenszentrum/calibration-intervals-explained/,solutions,configured,
/de/solutions/canteen-capacity-planning/,/de/wissenszentrum/canteen-capacity-planning/,solutions,configured,
/de/solutions/canteen-cleaning-triggers/,/de/wissenszentrum/canteen-cleaning-triggers/,solutions,configured,
/de/solutions/ce-marking-iot-devices/,/de/wissenszentrum/ce-marking-iot-devices/,solutions,configured,
/de/solutions/chapel-climate-sensors/,/de/wissenszentrum/chapel-climate-sensors/,solutions,configured,
/de/solutions/chemical-cabinet-audit-trail/,/de/wissenszentrum/chemical-cabinet-audit-trail/,solutions,configured,
/de/solutions/chilled-beam-condensation/,/de/wissenszentrum/chilled-beam-condensation/,solutions,configured,
/de/solutions/choosing-sensor-placement/,/de/wissenszentrum/choosing-sensor-placement/,solutions,configured,
/de/solutions/church-interior-rh-bands/,/de/wissenszentrum/church-interior-rh-bands/,solutions,configured,
/de/solutions/classroom-feedback-teachers/,/de/wissenszentrum/classroom-feedback-teachers/,solutions,configured,
/de/solutions/classroom-timetable-vs-usage/,/de/wissenszentrum/classroom-timetable-vs-usage/,solutions,configured,
/de/solutions/classroom-ventilation-checklist/,/de/wissenszentrum/classroom-ventilation-checklist/,solutions,configured,
/de/solutions/cleaning-chemicals-voc/,/de/wissenszentrum/cleaning-chemicals-voc/,solutions,configured,
/de/solutions/cleaning-cupboard-audit/,/de/wissenszentrum/cleaning-cupboard-audit/,solutions,configured,
/de/solutions/cleaning-request-buttons-restrooms/,/de/wissenszentrum/cleaning-request-buttons-restrooms/,solutions,configured,
/de/solutions/cleaning-robot-orchestration/,/de/wissenszentrum/cleaning-robot-orchestration/,solutions,configured,
/de/solutions/cleaning-sla-via-buttons/,/de/wissenszentrum/cleaning-sla-via-buttons/,solutions,configured,
/de/solutions/cleaning-team-onboarding/,/de/wissenszentrum/cleaning-team-onboarding/,solutions,configured,
/de/solutions/climate-control-vestries/,/de/wissenszentrum/climate-control-vestries/,solutions,configured,
/de/solutions/co-working-end-of-day-cleaning/,/de/wissenszentrum/co-working-end-of-day-cleaning/,solutions,configured,
/de/solutions/co2-based-hvac-demand-control/,/de/wissenszentrum/co2-based-hvac-demand-control/,solutions,configured,
/de/solutions/co2-in-meeting-rooms/,/de/wissenszentrum/co2-in-meeting-rooms/,solutions,configured,
/de/solutions/co2-monitoring-in-schools/,/de/wissenszentrum/co2-monitoring-in-schools/,solutions,configured,
/de/solutions/cold-storage-door-open-alarms/,/de/wissenszentrum/cold-storage-door-open-alarms/,solutions,configured,
/de/solutions/comfort-complaints-data-driven/,/de/wissenszentrum/comfort-complaints-data-driven/,solutions,configured,
/de/solutions/conference-centre-utilisation/,/de/wissenszentrum/conference-centre-utilisation/,solutions,configured,
/de/solutions/conference-room-issue-reporting/,/de/wissenszentrum/conference-room-issue-reporting/,solutions,configured,
/de/solutions/cooking-fumes-kitchens/,/de/wissenszentrum/cooking-fumes-kitchens/,solutions,configured,
/de/solutions/covid-era-density-legacy/,/de/wissenszentrum/covid-era-density-legacy/,solutions,configured,
/de/solutions/coworking-day-pass-demand/,/de/wissenszentrum/coworking-day-pass-demand/,solutions,configured,
/de/solutions/coworking-space-optimisation/,/de/wissenszentrum/coworking-space-optimisation/,solutions,configured,
/de/solutions/crawl-space-humidity-alarms/,/de/wissenszentrum/crawl-space-humidity-alarms/,solutions,configured,
/de/solutions/crypt-climate-monitoring/,/de/wissenszentrum/crypt-climate-monitoring/,solutions,configured,
/de/solutions/csrd-scope-1-2-3-data/,/de/wissenszentrum/csrd-scope-1-2-3-data/,solutions,configured,
/de/solutions/custom-reports-builder/,/de/wissenszentrum/custom-reports-builder/,solutions,configured,
/de/solutions/daily-cycles-church-climate/,/de/wissenszentrum/daily-cycles-church-climate/,solutions,configured,
/de/solutions/danish-work-environment-act/,/de/wissenszentrum/danish-work-environment-act/,solutions,configured,
/de/solutions/data-literacy-facility-managers/,/de/wissenszentrum/data-literacy-facility-managers/,solutions,configured,
/de/solutions/data-residency-eu/,/de/wissenszentrum/data-residency-eu/,solutions,configured,
/de/solutions/data-retention-policies/,/de/wissenszentrum/data-retention-policies/,solutions,configured,
/de/solutions/datacentre-high-availability/,/de/wissenszentrum/datacentre-high-availability/,solutions,configured,
/de/solutions/delivery-door-temperature/,/de/wissenszentrum/delivery-door-temperature/,solutions,configured,
/de/solutions/demand-based-cleaning-offices/,/de/wissenszentrum/demand-based-cleaning-offices/,solutions,configured,
/de/solutions/deployment-timeline-expectations/,/de/wissenszentrum/deployment-timeline-expectations/,solutions,configured,
/de/solutions/desk-sharing-utilisation/,/de/wissenszentrum/desk-sharing-utilisation/,solutions,configured,
/de/solutions/dgnb-hvb-score/,/de/wissenszentrum/dgnb-hvb-score/,solutions,configured,
/de/solutions/dgnb-preservation-documentation/,/de/wissenszentrum/dgnb-preservation-documentation/,solutions,configured,
/de/solutions/digital-twins-smart-buildings/,/de/wissenszentrum/digital-twins-smart-buildings/,solutions,configured,
/de/solutions/diocese-onboarding-preservation/,/de/wissenszentrum/diocese-onboarding-preservation/,solutions,configured,
/de/solutions/dishwasher-overflow-detection/,/de/wissenszentrum/dishwasher-overflow-detection/,solutions,configured,
/de/solutions/dispenser-refill-signals/,/de/wissenszentrum/dispenser-refill-signals/,solutions,configured,
/de/solutions/district-heating-optimisation/,/de/wissenszentrum/district-heating-optimisation/,solutions,configured,
/de/solutions/dust-particles-pm25/,/de/wissenszentrum/dust-particles-pm25/,solutions,configured,
/de/solutions/dynamic-cleaning-prioritisation/,/de/wissenszentrum/dynamic-cleaning-prioritisation/,solutions,configured,
/de/solutions/en-15251-historical/,/de/wissenszentrum/en-15251-historical/,solutions,configured,
/de/solutions/en-15757-explained/,/de/wissenszentrum/en-15757-explained/,solutions,configured,
/de/solutions/en-15757-in-practice/,/de/wissenszentrum/en-15757-in-practice/,solutions,configured,
/de/solutions/en-15757-preservation/,/de/wissenszentrum/en-15757-preservation/,solutions,configured,
/de/solutions/en-16798-explained/,/de/wissenszentrum/en-16798-explained/,solutions,configured,
/de/solutions/energy-benchmarks-offices/,/de/wissenszentrum/energy-benchmarks-offices/,solutions,configured,
/de/solutions/energy-benchmarks-schools/,/de/wissenszentrum/energy-benchmarks-schools/,solutions,configured,
/de/solutions/energy-rating-brf-homes/,/de/wissenszentrum/energy-rating-brf-homes/,solutions,configured,
/de/solutions/energy-waste-anomalies/,/de/wissenszentrum/energy-waste-anomalies/,solutions,configured,
/de/solutions/equipment-cabinet-access-logs/,/de/wissenszentrum/equipment-cabinet-access-logs/,solutions,configured,
/de/solutions/esg-reporting-buildings/,/de/wissenszentrum/esg-reporting-buildings/,solutions,configured,
/de/solutions/esg-reporting-mandates/,/de/wissenszentrum/esg-reporting-mandates/,solutions,configured,
/de/solutions/eu-ecodesign-directive/,/de/wissenszentrum/eu-ecodesign-directive/,solutions,configured,
/de/solutions/facility-issue-escalation/,/de/wissenszentrum/facility-issue-escalation/,solutions,configured,
/de/solutions/fan-coil-unit-leak-detection/,/de/wissenszentrum/fan-coil-unit-leak-detection/,solutions,configured,
/de/solutions/film-archive-cold-storage/,/de/wissenszentrum/film-archive-cold-storage/,solutions,configured,
/de/solutions/fire-door-open-too-long/,/de/wissenszentrum/fire-door-open-too-long/,solutions,configured,
/de/solutions/flat-roof-leak-monitoring/,/de/wissenszentrum/flat-roof-leak-monitoring/,solutions,configured,
/de/solutions/floor-occupancy-heatmaps/,/de/wissenszentrum/floor-occupancy-heatmaps/,solutions,configured,
/de/solutions/frost-damage-pipes-alarm/,/de/wissenszentrum/frost-damage-pipes-alarm/,solutions,configured,
/de/solutions/gamifying-classroom-ventilation/,/de/wissenszentrum/gamifying-classroom-ventilation/,solutions,configured,
/de/solutions/gateway-redundancy-patterns/,/de/wissenszentrum/gateway-redundancy-patterns/,solutions,configured,
/de/solutions/gdpr-data-processing/,/de/wissenszentrum/gdpr-data-processing/,solutions,configured,
/de/solutions/gdpr-sensor-data/,/de/wissenszentrum/gdpr-sensor-data/,solutions,configured,
/de/solutions/generative-ai-facility-mgmt/,/de/wissenszentrum/generative-ai-facility-mgmt/,solutions,configured,
/de/solutions/getting-started-iot-buildings/,/de/wissenszentrum/getting-started-iot-buildings/,solutions,configured,
/de/solutions/green-lease-iot-data/,/de/wissenszentrum/green-lease-iot-data/,solutions,configured,
/de/solutions/greenhouse-orchid-culture/,/de/wissenszentrum/greenhouse-orchid-culture/,solutions,configured,
/de/solutions/gutter-overflow-detection/,/de/wissenszentrum/gutter-overflow-detection/,solutions,configured,
/de/solutions/gym-capacity-monitoring/,/de/wissenszentrum/gym-capacity-monitoring/,solutions,configured,
/de/solutions/gym-equipment-wipe-downs/,/de/wissenszentrum/gym-equipment-wipe-downs/,solutions,configured,
/de/solutions/gym-locker-turnover/,/de/wissenszentrum/gym-locker-turnover/,solutions,configured,
/de/solutions/handyman-callout-buttons/,/de/wissenszentrum/handyman-callout-buttons/,solutions,configured,
/de/solutions/heat-loss-windows-climate/,/de/wissenszentrum/heat-loss-windows-climate/,solutions,configured,
/de/solutions/heat-recovery-effectiveness/,/de/wissenszentrum/heat-recovery-effectiveness/,solutions,configured,
/de/solutions/historic-building-leak-risks/,/de/wissenszentrum/historic-building-leak-risks/,solutions,configured,
/de/solutions/historic-window-condensation/,/de/wissenszentrum/historic-window-condensation/,solutions,configured,
/de/solutions/hospital-staff-locker-monitoring/,/de/wissenszentrum/hospital-staff-locker-monitoring/,solutions,configured,
/de/solutions/hospital-terminal-cleaning/,/de/wissenszentrum/hospital-terminal-cleaning/,solutions,configured,
/de/solutions/hospital-ward-rollout/,/de/wissenszentrum/hospital-ward-rollout/,solutions,configured,
/de/solutions/hot-desking-data/,/de/wissenszentrum/hot-desking-data/,solutions,configured,
/de/solutions/hotel-bathroom-leak-detection/,/de/wissenszentrum/hotel-bathroom-leak-detection/,solutions,configured,
/de/solutions/hotel-room-cleaning-pirs/,/de/wissenszentrum/hotel-room-cleaning-pirs/,solutions,configured,
/de/solutions/hotel-room-service-buttons/,/de/wissenszentrum/hotel-room-service-buttons/,solutions,configured,
/de/solutions/how-to-write-iot-rfp/,/de/wissenszentrum/how-to-write-iot-rfp/,solutions,configured,
/de/solutions/humidifier-dehumidifier-automation/,/de/wissenszentrum/humidifier-dehumidifier-automation/,solutions,configured,
/de/solutions/humidity-hospital-wards/,/de/wissenszentrum/humidity-hospital-wards/,solutions,configured,
/de/solutions/humidity-in-churches/,/de/wissenszentrum/humidity-in-churches/,solutions,configured,
/de/solutions/humidity-management-classrooms/,/de/wissenszentrum/humidity-management-classrooms/,solutions,configured,
/de/solutions/hvac-failure-alerts-archives/,/de/wissenszentrum/hvac-failure-alerts-archives/,solutions,configured,
/de/solutions/hybrid-work-data-trends/,/de/wissenszentrum/hybrid-work-data-trends/,solutions,configured,
/de/solutions/hybrid-work-patterns/,/de/wissenszentrum/hybrid-work-patterns/,solutions,configured,
/de/solutions/iaq-dashboards-for-facility-managers/,/de/wissenszentrum/iaq-dashboards-for-facility-managers/,solutions,configured,
/de/solutions/ice-machine-leak-detection/,/de/wissenszentrum/ice-machine-leak-detection/,solutions,configured,
/de/solutions/iconostasis-climate/,/de/wissenszentrum/iconostasis-climate/,solutions,configured,
/de/solutions/incident-response-sla/,/de/wissenszentrum/incident-response-sla/,solutions,configured,
/de/solutions/indoor-air-quality-hospitals/,/de/wissenszentrum/indoor-air-quality-hospitals/,solutions,configured,
/de/solutions/indoor-climate-audits/,/de/wissenszentrum/indoor-climate-audits/,solutions,configured,
/de/solutions/indoor-climate-care-homes/,/de/wissenszentrum/indoor-climate-care-homes/,solutions,configured,
/de/solutions/indoor-climate-home-offices/,/de/wissenszentrum/indoor-climate-home-offices/,solutions,configured,
/de/solutions/indoor-climate-kindergartens/,/de/wissenszentrum/indoor-climate-kindergartens/,solutions,configured,
/de/solutions/indoor-climate-nursing-homes/,/de/wissenszentrum/indoor-climate-nursing-homes/,solutions,configured,
/de/solutions/indoor-climate-retail/,/de/wissenszentrum/indoor-climate-retail/,solutions,configured,
/de/solutions/insurance-deductible-reduction/,/de/wissenszentrum/insurance-deductible-reduction/,solutions,configured,
/de/solutions/insurance-documentation-museums/,/de/wissenszentrum/insurance-documentation-museums/,solutions,configured,
/de/solutions/integration-azure-iot-hub/,/de/wissenszentrum/integration-azure-iot-hub/,solutions,configured,
/de/solutions/integration-dalux/,/de/wissenszentrum/integration-dalux/,solutions,configured,
/de/solutions/integration-google-calendar/,/de/wissenszentrum/integration-google-calendar/,solutions,configured,
/de/solutions/integration-microsoft-teams/,/de/wissenszentrum/integration-microsoft-teams/,solutions,configured,
/de/solutions/integration-niagara-tridium/,/de/wissenszentrum/integration-niagara-tridium/,solutions,configured,
/de/solutions/integration-os2iot/,/de/wissenszentrum/integration-os2iot/,solutions,configured,
/de/solutions/integration-power-bi/,/de/wissenszentrum/integration-power-bi/,solutions,configured,
/de/solutions/integration-pronestor/,/de/wissenszentrum/integration-pronestor/,solutions,configured,
/de/solutions/integration-schneider-ecostruxure/,/de/wissenszentrum/integration-schneider-ecostruxure/,solutions,configured,
/de/solutions/integration-servicenow/,/de/wissenszentrum/integration-servicenow/,solutions,configured,
/de/solutions/integration-siemens-desigo/,/de/wissenszentrum/integration-siemens-desigo/,solutions,configured,
/de/solutions/integration-slack-alerts/,/de/wissenszentrum/integration-slack-alerts/,solutions,configured,
/de/solutions/interpreting-iot-dashboards/,/de/wissenszentrum/interpreting-iot-dashboards/,solutions,configured,
/de/solutions/iot-aquariums/,/de/wissenszentrum/iot-aquariums/,solutions,configured,
/de/solutions/iot-bakeries/,/de/wissenszentrum/iot-bakeries/,solutions,configured,
/de/solutions/iot-bowling-alleys/,/de/wissenszentrum/iot-bowling-alleys/,solutions,configured,
/de/solutions/iot-breweries/,/de/wissenszentrum/iot-breweries/,solutions,configured,
/de/solutions/iot-climbing-gyms/,/de/wissenszentrum/iot-climbing-gyms/,solutions,configured,
/de/solutions/iot-concert-halls/,/de/wissenszentrum/iot-concert-halls/,solutions,configured,
/de/solutions/iot-dental-offices/,/de/wissenszentrum/iot-dental-offices/,solutions,configured,
/de/solutions/iot-driving-schools/,/de/wissenszentrum/iot-driving-schools/,solutions,configured,
/de/solutions/iot-escape-rooms/,/de/wissenszentrum/iot-escape-rooms/,solutions,configured,
/de/solutions/iot-fishery-ports/,/de/wissenszentrum/iot-fishery-ports/,solutions,configured,
/de/solutions/iot-funeral-homes/,/de/wissenszentrum/iot-funeral-homes/,solutions,configured,
/de/solutions/iot-greenhouses/,/de/wissenszentrum/iot-greenhouses/,solutions,configured,
/de/solutions/iot-marinas/,/de/wissenszentrum/iot-marinas/,solutions,configured,
/de/solutions/iot-music-rehearsal/,/de/wissenszentrum/iot-music-rehearsal/,solutions,configured,
/de/solutions/iot-pharmacies/,/de/wissenszentrum/iot-pharmacies/,solutions,configured,
/de/solutions/iot-procurement-guide/,/de/wissenszentrum/iot-procurement-guide/,solutions,configured,
/de/solutions/iot-sensors-vs-manual-checks/,/de/wissenszentrum/iot-sensors-vs-manual-checks/,solutions,configured,
/de/solutions/iot-sports-stadiums/,/de/wissenszentrum/iot-sports-stadiums/,solutions,configured,
/de/solutions/iot-veterinary-clinics/,/de/wissenszentrum/iot-veterinary-clinics/,solutions,configured,
/de/solutions/iot-wineries/,/de/wissenszentrum/iot-wineries/,solutions,configured,
/de/solutions/iot-yoga-studios/,/de/wissenszentrum/iot-yoga-studios/,solutions,configured,
/de/solutions/iot-zoos/,/de/wissenszentrum/iot-zoos/,solutions,configured,
/de/solutions/iso-19650-bim-iot/,/de/wissenszentrum/iso-19650-bim-iot/,solutions,configured,
/de/solutions/iso-27001-platform/,/de/wissenszentrum/iso-27001-platform/,solutions,configured,
/de/solutions/kitchen-equipment-reporting/,/de/wissenszentrum/kitchen-equipment-reporting/,solutions,configured,
/de/solutions/lab-incident-reporting/,/de/wissenszentrum/lab-incident-reporting/,solutions,configured,
/de/solutions/leak-alarm-escalation-ladder/,/de/wissenszentrum/leak-alarm-escalation-ladder/,solutions,configured,
/de/solutions/leak-sensors-for-basements-and-plant-rooms/,/de/wissenszentrum/leak-sensors-for-basements-and-plant-rooms/,solutions,configured,
/de/solutions/leather-book-spine-humidity/,/de/wissenszentrum/leather-book-spine-humidity/,solutions,configured,
/de/solutions/leed-indoor-air-quality/,/de/wissenszentrum/leed-indoor-air-quality/,solutions,configured,
/de/solutions/library-book-preservation/,/de/wissenszentrum/library-book-preservation/,solutions,configured,
/de/solutions/library-study-room-bookings/,/de/wissenszentrum/library-study-room-bookings/,solutions,configured,
/de/solutions/lights-out-automation/,/de/wissenszentrum/lights-out-automation/,solutions,configured,
/de/solutions/loaning-artefacts-travel-logger/,/de/wissenszentrum/loaning-artefacts-travel-logger/,solutions,configured,
/de/solutions/locker-booking-corporate/,/de/wissenszentrum/locker-booking-corporate/,solutions,configured,
/de/solutions/locker-occupancy-schools/,/de/wissenszentrum/locker-occupancy-schools/,solutions,configured,
/de/solutions/lorawan-vs-nb-iot-rf-budget/,/de/wissenszentrum/lorawan-vs-nb-iot-rf-budget/,solutions,configured,
/de/solutions/maintaining-iot-fleet/,/de/wissenszentrum/maintaining-iot-fleet/,solutions,configured,
/de/solutions/manor-castle-climate-monitoring/,/de/wissenszentrum/manor-castle-climate-monitoring/,solutions,configured,
/de/solutions/maps-floorplans-upload/,/de/wissenszentrum/maps-floorplans-upload/,solutions,configured,
/de/solutions/marzipan-art-storage/,/de/wissenszentrum/marzipan-art-storage/,solutions,configured,
/de/solutions/medicine-cabinet-compliance/,/de/wissenszentrum/medicine-cabinet-compliance/,solutions,configured,
/de/solutions/meeting-room-booking-no-shows/,/de/wissenszentrum/meeting-room-booking-no-shows/,solutions,configured,
/de/solutions/meeting-room-dashboards-tv/,/de/wissenszentrum/meeting-room-dashboards-tv/,solutions,configured,
/de/solutions/meeting-room-right-sizing/,/de/wissenszentrum/meeting-room-right-sizing/,solutions,configured,
/de/solutions/metal-corrosion-humidity/,/de/wissenszentrum/metal-corrosion-humidity/,solutions,configured,
/de/solutions/meter-cabinet-monitoring/,/de/wissenszentrum/meter-cabinet-monitoring/,solutions,configured,
/de/solutions/mobile-app-field-techs/,/de/wissenszentrum/mobile-app-field-techs/,solutions,configured,
/de/solutions/mould-prevention-humidity/,/de/wissenszentrum/mould-prevention-humidity/,solutions,configured,
/de/solutions/mqtt-integration/,/de/wissenszentrum/mqtt-integration/,solutions,configured,
/de/solutions/multi-campus-space-benchmarking/,/de/wissenszentrum/multi-campus-space-benchmarking/,solutions,configured,
/de/solutions/multi-tenant-access-control/,/de/wissenszentrum/multi-tenant-access-control/,solutions,configured,
/de/solutions/municipality-rollout-playbook/,/de/wissenszentrum/municipality-rollout-playbook/,solutions,configured,
/de/solutions/museum-pest-monitoring/,/de/wissenszentrum/museum-pest-monitoring/,solutions,configured,
/de/solutions/museum-rollout-playbook/,/de/wissenszentrum/museum-rollout-playbook/,solutions,configured,
/de/solutions/museum-storage-climate/,/de/wissenszentrum/museum-storage-climate/,solutions,configured,
/de/solutions/nb-iot-adoption-nordics/,/de/wissenszentrum/nb-iot-adoption-nordics/,solutions,configured,
/de/solutions/nfc-vs-lorawan-buttons/,/de/wissenszentrum/nfc-vs-lorawan-buttons/,solutions,configured,
/de/solutions/night-setback-heating/,/de/wissenszentrum/night-setback-heating/,solutions,configured,
/de/solutions/night-ventilation-strategies/,/de/wissenszentrum/night-ventilation-strategies/,solutions,configured,
/de/solutions/nordic-museum-iot-adoption/,/de/wissenszentrum/nordic-museum-iot-adoption/,solutions,configured,
/de/solutions/nurse-call-aware-cleaning/,/de/wissenszentrum/nurse-call-aware-cleaning/,solutions,configured,
/de/solutions/occupancy-sensors-offices/,/de/wissenszentrum/occupancy-sensors-offices/,solutions,configured,
/de/solutions/occupied-unoccupied-hvac/,/de/wissenszentrum/occupied-unoccupied-hvac/,solutions,configured,
/de/solutions/office-density-planning/,/de/wissenszentrum/office-density-planning/,solutions,configured,
/de/solutions/office-retrofit-rollout/,/de/wissenszentrum/office-retrofit-rollout/,solutions,configured,
/de/solutions/oil-paintings-temperature-swings/,/de/wissenszentrum/oil-paintings-temperature-swings/,solutions,configured,
/de/solutions/organ-hall-restoration/,/de/wissenszentrum/organ-hall-restoration/,solutions,configured,
/de/solutions/organ-preservation/,/de/wissenszentrum/organ-preservation/,solutions,configured,
/de/solutions/outdoor-area-cleaning-weather/,/de/wissenszentrum/outdoor-area-cleaning-weather/,solutions,configured,
/de/solutions/palace-floor-conservation/,/de/wissenszentrum/palace-floor-conservation/,solutions,configured,
/de/solutions/paper-artefact-storage/,/de/wissenszentrum/paper-artefact-storage/,solutions,configured,
/de/solutions/parking-lot-sensors/,/de/wissenszentrum/parking-lot-sensors/,solutions,configured,
/de/solutions/patient-feedback-buttons/,/de/wissenszentrum/patient-feedback-buttons/,solutions,configured,
/de/solutions/pdf-export-template/,/de/wissenszentrum/pdf-export-template/,solutions,configured,
/de/solutions/peak-load-shaving/,/de/wissenszentrum/peak-load-shaving/,solutions,configured,
/de/solutions/pharmacy-medicine-storage/,/de/wissenszentrum/pharmacy-medicine-storage/,solutions,configured,
/de/solutions/phone-booth-utilisation/,/de/wissenszentrum/phone-booth-utilisation/,solutions,configured,
/de/solutions/photographic-collection-climate/,/de/wissenszentrum/photographic-collection-climate/,solutions,configured,
/de/solutions/pilot-budget-planning/,/de/wissenszentrum/pilot-budget-planning/,solutions,configured,
/de/solutions/pilot-to-production/,/de/wissenszentrum/pilot-to-production/,solutions,configured,
/de/solutions/playground-usage-cleaning/,/de/wissenszentrum/playground-usage-cleaning/,solutions,configured,
/de/solutions/plug-load-monitoring-offices/,/de/wissenszentrum/plug-load-monitoring-offices/,solutions,configured,
/de/solutions/pollen-and-indoor-air/,/de/wissenszentrum/pollen-and-indoor-air/,solutions,configured,
/de/solutions/power-bi-connector/,/de/wissenszentrum/power-bi-connector/,solutions,configured,
/de/solutions/ppd-ppi-indoor-climate-metrics/,/de/wissenszentrum/ppd-ppi-indoor-climate-metrics/,solutions,configured,
/de/solutions/ppm-thresholds-explained/,/de/wissenszentrum/ppm-thresholds-explained/,solutions,configured,
/de/solutions/preservation-digitalisation/,/de/wissenszentrum/preservation-digitalisation/,solutions,configured,
/de/solutions/preservation-roi-dioceses/,/de/wissenszentrum/preservation-roi-dioceses/,solutions,configured,
/de/solutions/procurement-approval-checklist/,/de/wissenszentrum/procurement-approval-checklist/,solutions,configured,
/de/solutions/proptech-2026-trends/,/de/wissenszentrum/proptech-2026-trends/,solutions,configured,
/de/solutions/public-dashboards-kiosk/,/de/wissenszentrum/public-dashboards-kiosk/,solutions,configured,
/de/solutions/pv-self-consumption/,/de/wissenszentrum/pv-self-consumption/,solutions,configured,
/de/solutions/quiet-room-demand/,/de/wissenszentrum/quiet-room-demand/,solutions,configured,
/de/solutions/radio-equipment-directive/,/de/wissenszentrum/radio-equipment-directive/,solutions,configured,
/de/solutions/radon-measurement/,/de/wissenszentrum/radon-measurement/,solutions,configured,
/de/solutions/reception-visitor-flow/,/de/wissenszentrum/reception-visitor-flow/,solutions,configured,
/de/solutions/reporting-indoor-climate-to-boards/,/de/wissenszentrum/reporting-indoor-climate-to-boards/,solutions,configured,
/de/solutions/residential-care-water-safety/,/de/wissenszentrum/residential-care-water-safety/,solutions,configured,
/de/solutions/restocking-toilets-push-buttons/,/de/wissenszentrum/restocking-toilets-push-buttons/,solutions,configured,
/de/solutions/restroom-floor-leak-detection/,/de/wissenszentrum/restroom-floor-leak-detection/,solutions,configured,
/de/solutions/restroom-footfall-cleaning/,/de/wissenszentrum/restroom-footfall-cleaning/,solutions,configured,
/de/solutions/retail-employee-call-button/,/de/wissenszentrum/retail-employee-call-button/,solutions,configured,
/de/solutions/roi-brand-value-museums/,/de/wissenszentrum/roi-brand-value-museums/,solutions,configured,
/de/solutions/roi-cleaning-fte-reduction/,/de/wissenszentrum/roi-cleaning-fte-reduction/,solutions,configured,
/de/solutions/roi-dgnb-certification/,/de/wissenszentrum/roi-dgnb-certification/,solutions,configured,
/de/solutions/roi-energy-retrofit-payback/,/de/wissenszentrum/roi-energy-retrofit-payback/,solutions,configured,
/de/solutions/roi-hybrid-work-downsizing/,/de/wissenszentrum/roi-hybrid-work-downsizing/,solutions,configured,
/de/solutions/roi-insurance-premium-reduction/,/de/wissenszentrum/roi-insurance-premium-reduction/,solutions,configured,
/de/solutions/roi-preservation-insurance/,/de/wissenszentrum/roi-preservation-insurance/,solutions,configured,
/de/solutions/roi-space-right-sizing/,/de/wissenszentrum/roi-space-right-sizing/,solutions,configured,
/de/solutions/roi-tenant-satisfaction/,/de/wissenszentrum/roi-tenant-satisfaction/,solutions,configured,
/de/solutions/roi-water-damage-avoided/,/de/wissenszentrum/roi-water-damage-avoided/,solutions,configured,
/de/solutions/role-based-access-control/,/de/wissenszentrum/role-based-access-control/,solutions,configured,
/de/solutions/rollout-in-varde-municipality/,/de/wissenszentrum/rollout-in-varde-municipality/,solutions,configured,
/de/solutions/rollout-plan-portfolio/,/de/wissenszentrum/rollout-plan-portfolio/,solutions,configured,
/de/solutions/roomalyzer-architecture/,/de/wissenszentrum/roomalyzer-architecture/,solutions,configured,
/de/solutions/roomalyzer-vs-generic-iaq/,/de/wissenszentrum/roomalyzer-vs-generic-iaq/,solutions,configured,
/de/solutions/school-rollout-checklist/,/de/wissenszentrum/school-rollout-checklist/,solutions,configured,
/de/solutions/school-toilet-cleaning-schedule/,/de/wissenszentrum/school-toilet-cleaning-schedule/,solutions,configured,
/de/solutions/scim-user-provisioning/,/de/wissenszentrum/scim-user-provisioning/,solutions,configured,
/de/solutions/scoping-iot-pilot-project/,/de/wissenszentrum/scoping-iot-pilot-project/,solutions,configured,
/de/solutions/seasonal-tuning-organ/,/de/wissenszentrum/seasonal-tuning-organ/,solutions,configured,
/de/solutions/security-panic-buttons/,/de/wissenszentrum/security-panic-buttons/,solutions,configured,
/de/solutions/sensor-placement-guide/,/de/wissenszentrum/sensor-placement-guide/,solutions,configured,
/de/solutions/server-rack-door-sensors/,/de/wissenszentrum/server-rack-door-sensors/,solutions,configured,
/de/solutions/setpoint-drift-detection/,/de/wissenszentrum/setpoint-drift-detection/,solutions,configured,
/de/solutions/setpoint-tuning-algorithms/,/de/wissenszentrum/setpoint-tuning-algorithms/,solutions,configured,
/de/solutions/sewer-backup-alarms/,/de/wissenszentrum/sewer-backup-alarms/,solutions,configured,
/de/solutions/shuttle-bus-utilisation/,/de/wissenszentrum/shuttle-bus-utilisation/,solutions,configured,
/de/solutions/silent-room-pir-sensors/,/de/wissenszentrum/silent-room-pir-sensors/,solutions,configured,
/de/solutions/sprinkler-system-test-monitoring/,/de/wissenszentrum/sprinkler-system-test-monitoring/,solutions,configured,
/de/solutions/sso-integration-azure-ad/,/de/wissenszentrum/sso-integration-azure-ad/,solutions,configured,
/de/solutions/sso-okta-integration/,/de/wissenszentrum/sso-okta-integration/,solutions,configured,
/de/solutions/stakeholder-buy-in/,/de/wissenszentrum/stakeholder-buy-in/,solutions,configured,
/de/solutions/stone-monument-freeze-thaw/,/de/wissenszentrum/stone-monument-freeze-thaw/,solutions,configured,
/de/solutions/storage-battery-scheduling/,/de/wissenszentrum/storage-battery-scheduling/,solutions,configured,
/de/solutions/storm-water-basement-sensors/,/de/wissenszentrum/storm-water-basement-sensors/,solutions,configured,
/de/solutions/summer-overheating-offices/,/de/wissenszentrum/summer-overheating-offices/,solutions,configured,
/de/solutions/teacher-training-indoor-climate/,/de/wissenszentrum/teacher-training-indoor-climate/,solutions,configured,
/de/solutions/temperature-control-open-offices/,/de/wissenszentrum/temperature-control-open-offices/,solutions,configured,
/de/solutions/temperature-setpoints-energy-balance/,/de/wissenszentrum/temperature-setpoints-energy-balance/,solutions,configured,
/de/solutions/textile-conservation-climate/,/de/wissenszentrum/textile-conservation-climate/,solutions,configured,
/de/solutions/thermal-comfort-shared-offices/,/de/wissenszentrum/thermal-comfort-shared-offices/,solutions,configured,
/de/solutions/total-cost-of-ownership/,/de/wissenszentrum/total-cost-of-ownership/,solutions,configured,
/de/solutions/tourist-attraction-feedback/,/de/wissenszentrum/tourist-attraction-feedback/,solutions,configured,
/de/solutions/tourist-visitor-impact-climate/,/de/wissenszentrum/tourist-visitor-impact-climate/,solutions,configured,
/de/solutions/tv-dashboards-receptions/,/de/wissenszentrum/tv-dashboards-receptions/,solutions,configured,
/de/solutions/under-sink-sensor-placement/,/de/wissenszentrum/under-sink-sensor-placement/,solutions,configured,
/de/solutions/vault-monitoring-banks/,/de/wissenszentrum/vault-monitoring-banks/,solutions,configured,
/de/solutions/vav-control-with-co2/,/de/wissenszentrum/vav-control-with-co2/,solutions,configured,
/de/solutions/vendor-lock-in-avoidance/,/de/wissenszentrum/vendor-lock-in-avoidance/,solutions,configured,
/de/solutions/ventilation-retrofit-guide/,/de/wissenszentrum/ventilation-retrofit-guide/,solutions,configured,
/de/solutions/visitor-count-gallery-cleaning/,/de/wissenszentrum/visitor-count-gallery-cleaning/,solutions,configured,
/de/solutions/voc-levels-in-offices/,/de/wissenszentrum/voc-levels-in-offices/,solutions,configured,
/de/solutions/warehouse-picking-feedback/,/de/wissenszentrum/warehouse-picking-feedback/,solutions,configured,
/de/solutions/washing-machine-leak-sensors/,/de/wissenszentrum/washing-machine-leak-sensors/,solutions,configured,
/de/solutions/water-alarms-in-server-rooms/,/de/wissenszentrum/water-alarms-in-server-rooms/,solutions,configured,
/de/solutions/water-damage-insurance-documentation/,/de/wissenszentrum/water-damage-insurance-documentation/,solutions,configured,
/de/solutions/water-detection-stop-damage-before-it-spreads/,/de/wissenszentrum/water-detection-stop-damage-before-it-spreads/,solutions,configured,
/de/solutions/webhooks-for-alarms/,/de/wissenszentrum/webhooks-for-alarms/,solutions,configured,
/de/solutions/well-v2-indoor-air/,/de/wissenszentrum/well-v2-indoor-air/,solutions,configured,
/de/solutions/when-to-ventilate/,/de/wissenszentrum/when-to-ventilate/,solutions,configured,
/de/solutions/whisky-barrel-warehouse/,/de/wissenszentrum/whisky-barrel-warehouse/,solutions,configured,
/de/solutions/white-label-dashboards/,/de/wissenszentrum/white-label-dashboards/,solutions,configured,
/de/solutions/who-air-quality-guidelines/,/de/wissenszentrum/who-air-quality-guidelines/,solutions,configured,
/de/solutions/window-cleaning-daylight-sensors/,/de/wissenszentrum/window-cleaning-daylight-sensors/,solutions,configured,
/de/solutions/wine-cellar-humidity/,/de/wissenszentrum/wine-cellar-humidity/,solutions,configured,
/de/solutions/winter-dryness-control/,/de/wissenszentrum/winter-dryness-control/,solutions,configured,
/de/solutions/wooden-furniture-preservation/,/de/wissenszentrum/wooden-furniture-preservation/,solutions,configured,
/de/solutions/workplace-assessment-indoor-climate/,/de/wissenszentrum/workplace-assessment-indoor-climate/,solutions,configured,
/de/solutions/workplace-mix-ratio/,/de/wissenszentrum/workplace-mix-ratio/,solutions,configured,
/en/about/d-label/,/en/about/trust-center/,about,configured,
/en/about/d-maerket/,/en/about/trust-center/,about,configured,
/en/blog/,/en/articles/,blog,configured,
/en/blog/en-15757-in-practice/,/en/articles/en-15757-in-practice/,blog,configured,
/en/blog/rollout-in-varde-municipality/,/en/articles/rollout-in-varde-municipality/,blog,configured,
/en/blog/welcome-to-the-iot-fabrikken-blog/,/en/articles/,blog,configured,
/en/case-studies/data-skal-dimensionere-nyt-raadhus-rigtigt/,/en/case-studies/gribskov-municipality/,case-studies,configured,
/en/case-studies/deutches-museum-nordschleswig/,/en/case-studies/deutsches-museum-nordschleswig/,case-studies,configured,
/en/case-studies/erzdioezese-freiburg/,/en/case-studies/archdiocese-of-freiburg/,case-studies,configured,
/en/case-studies/gribskov-kommune/,/en/case-studies/gribskov-municipality/,case-studies,configured,
/en/case-studies/kommune-norddjurs/,/en/case-studies/norddjurs-municipality/,case-studies,configured,
/en/case-studies/kommune-varde/,/en/case-studies/varde-municipality/,case-studies,configured,
/en/case-studies/norddjurs-kommun/,/en/case-studies/norddjurs-municipality/,case-studies,configured,
/en/case-studies/norddjurs-kommune/,/en/case-studies/norddjurs-municipality/,case-studies,configured,
/en/case-studies/sweco-6/,/en/case-studies/sweco/,case-studies,configured,
/en/case-studies/varde-kommun/,/en/case-studies/varde-municipality/,case-studies,configured,
/en/case-studies/varde-kommune-3/,/en/case-studies/varde-municipality/,case-studies,configured,
/en/case-studies/varde-kommune/,/en/case-studies/varde-municipality/,case-studies,configured,
/en/case/archdiocese-of-freiburg/,/en/case-studies/archdiocese-of-freiburg/,legacy-case-singular,configured,
/en/case/boligselskabet-sjaelland/,/en/case-studies/boligselskabet-sjaelland/,legacy-case-singular,configured,
/en/case/dansk-industri/,/en/case-studies/dansk-industri/,legacy-case-singular,configured,
/en/case/data-skal-dimensionere-nyt-raadhus-rigtigt/,/en/case-studies/gribskov-municipality/,legacy-case-singular,configured,
/en/case/deutches-museum-nordschleswig/,/en/case-studies/deutsches-museum-nordschleswig/,legacy-case-singular,configured,
/en/case/deutsches-museum-nordschleswig/,/en/case-studies/deutsches-museum-nordschleswig/,legacy-case-singular,configured,
/en/case/erzdioezese-freiburg/,/en/case-studies/archdiocese-of-freiburg/,legacy-case-singular,configured,
/en/case/evangelische-kirche-in-hessen-und-nassau/,/en/case-studies/evangelische-kirche-in-hessen-und-nassau/,legacy-case-singular,configured,
/en/case/faaborg-museum/,/en/case-studies/faaborg-museum/,legacy-case-singular,configured,
/en/case/gribskov-kommune/,/en/case-studies/gribskov-kommune/,legacy-case-singular,configured,
/en/case/gribskov-municipality/,/en/case-studies/gribskov-municipality/,legacy-case-singular,configured,
/en/case/hj-energi/,/en/case-studies/hj-energi/,legacy-case-singular,configured,
/en/case/holbaek-kommune/,/en/case-studies/holbaek-kommune/,legacy-case-singular,configured,
/en/case/kommune-norddjurs/,/en/case-studies/norddjurs-municipality/,legacy-case-singular,configured,
/en/case/kommune-varde/,/en/case-studies/varde-municipality/,legacy-case-singular,configured,
/en/case/norddjurs-kommun/,/en/case-studies/norddjurs-municipality/,legacy-case-singular,configured,
/en/case/norddjurs-municipality/,/en/case-studies/norddjurs-municipality/,legacy-case-singular,configured,
/en/case/rudersdal-museer/,/en/case-studies/rudersdal-museer/,legacy-case-singular,configured,
/en/case/skade-teknik/,/en/case-studies/skade-teknik/,legacy-case-singular,configured,
/en/case/solroed-kommune/,/en/case-studies/solroed-kommune/,legacy-case-singular,configured,
/en/case/sweco-6/,/en/case-studies/sweco/,legacy-case-singular,configured,
/en/case/sweco/,/en/case-studies/sweco/,legacy-case-singular,configured,
/en/case/varde-kommun/,/en/case-studies/varde-municipality/,legacy-case-singular,configured,
/en/case/varde-kommune-3/,/en/case-studies/varde-municipality/,legacy-case-singular,configured,
/en/case/varde-municipality/,/en/case-studies/varde-municipality/,legacy-case-singular,configured,
/en/case/vejen-kommune/,/en/case-studies/vejen-kommune/,legacy-case-singular,configured,
/en/case/zealand-erhvervsakademi/,/en/case-studies/zealand-erhvervsakademi/,legacy-case-singular,configured,
/en/cases/,/en/case-studies/,case-studies,configured,
/en/events/archivistica/,/en/events/,events,configured,
/en/events/dhbv-verbandstag-2026/,/en/events/,events,configured,
/en/events/mutec-2026/,/en/events/,events,configured,
/en/events/worktech26-stockholm/,/en/events/,events,configured,
/en/library/,/en/articles/,library,configured,
/en/library/after-hours-door-alarms/,/en/articles/after-hours-door-alarms/,library,configured,
/en/library/ai-in-facility-management/,/en/articles/ai-in-facility-management/,library,configured,
/en/library/air-quality-auditoriums/,/en/articles/air-quality-auditoriums/,library,configured,
/en/library/air-quality-libraries/,/en/articles/air-quality-libraries/,library,configured,
/en/library/air-quality-sports-halls/,/en/articles/air-quality-sports-halls/,library,configured,
/en/library/air-quality-trends-over-seasons/,/en/articles/air-quality-trends-over-seasons/,library,configured,
/en/library/airport-restroom-cleaning-sla/,/en/articles/airport-restroom-cleaning-sla/,library,configured,
/en/library/alarm-escalation-chains/,/en/articles/alarm-escalation-chains/,library,configured,
/en/library/alarms-for-indoor-climate/,/en/articles/alarms-for-indoor-climate/,library,configured,
/en/library/altar-pieces-humidity/,/en/articles/altar-pieces-humidity/,library,configured,
/en/library/api-authentication-oauth/,/en/articles/api-authentication-oauth/,library,configured,
/en/library/api-rate-limits/,/en/articles/api-rate-limits/,library,configured,
/en/library/archive-retrofit-rollout/,/en/articles/archive-retrofit-rollout/,library,configured,
/en/library/archive-temperature-control/,/en/articles/archive-temperature-control/,library,configured,
/en/library/art-storage-vault-access/,/en/articles/art-storage-vault-access/,library,configured,
/en/library/ashrae-62-1-guidance/,/en/articles/ashrae-62-1-guidance/,library,configured,
/en/library/audit-logs-for-admins/,/en/articles/audit-logs-for-admins/,library,configured,
/en/library/battery-lifetime-tuning/,/en/articles/battery-lifetime-tuning/,library,configured,
/en/library/behavioural-energy-savings/,/en/articles/behavioural-energy-savings/,library,configured,
/en/library/bike-rack-occupancy/,/en/articles/bike-rack-occupancy/,library,configured,
/en/library/bike-storage-door-status/,/en/articles/bike-storage-door-status/,library,configured,
/en/library/boiler-cycling-analytics/,/en/articles/boiler-cycling-analytics/,library,configured,
/en/library/boiler-room-flood-sensors/,/en/articles/boiler-room-flood-sensors/,library,configured,
/en/library/bookable-zones-dynamic-pricing/,/en/articles/bookable-zones-dynamic-pricing/,library,configured,
/en/library/br18-indoor-climate/,/en/articles/br18-indoor-climate/,library,configured,
/en/library/break-room-usage/,/en/articles/break-room-usage/,library,configured,
/en/library/building-iot-business-case/,/en/articles/building-iot-business-case/,library,configured,
/en/library/button-battery-lifetime/,/en/articles/button-battery-lifetime/,library,configured,
/en/library/button-heatmap-analysis/,/en/articles/button-heatmap-analysis/,library,configured,
/en/library/cafeteria-peak-hours/,/en/articles/cafeteria-peak-hours/,library,configured,
/en/library/calibration-intervals-explained/,/en/articles/calibration-intervals-explained/,library,configured,
/en/library/canteen-capacity-planning/,/en/articles/canteen-capacity-planning/,library,configured,
/en/library/canteen-cleaning-triggers/,/en/articles/canteen-cleaning-triggers/,library,configured,
/en/library/ce-marking-iot-devices/,/en/articles/ce-marking-iot-devices/,library,configured,
/en/library/chapel-climate-sensors/,/en/articles/chapel-climate-sensors/,library,configured,
/en/library/chemical-cabinet-audit-trail/,/en/articles/chemical-cabinet-audit-trail/,library,configured,
/en/library/chilled-beam-condensation/,/en/articles/chilled-beam-condensation/,library,configured,
/en/library/choosing-sensor-placement/,/en/articles/choosing-sensor-placement/,library,configured,
/en/library/church-interior-rh-bands/,/en/articles/church-interior-rh-bands/,library,configured,
/en/library/classroom-feedback-teachers/,/en/articles/classroom-feedback-teachers/,library,configured,
/en/library/classroom-timetable-vs-usage/,/en/articles/classroom-timetable-vs-usage/,library,configured,
/en/library/classroom-ventilation-checklist/,/en/articles/classroom-ventilation-checklist/,library,configured,
/en/library/cleaning-chemicals-voc/,/en/articles/cleaning-chemicals-voc/,library,configured,
/en/library/cleaning-cupboard-audit/,/en/articles/cleaning-cupboard-audit/,library,configured,
/en/library/cleaning-request-buttons-restrooms/,/en/articles/cleaning-request-buttons-restrooms/,library,configured,
/en/library/cleaning-robot-orchestration/,/en/articles/cleaning-robot-orchestration/,library,configured,
/en/library/cleaning-sla-via-buttons/,/en/articles/cleaning-sla-via-buttons/,library,configured,
/en/library/cleaning-team-onboarding/,/en/articles/cleaning-team-onboarding/,library,configured,
/en/library/climate-control-vestries/,/en/articles/climate-control-vestries/,library,configured,
/en/library/co-working-end-of-day-cleaning/,/en/articles/co-working-end-of-day-cleaning/,library,configured,
/en/library/co2-based-hvac-demand-control/,/en/articles/co2-based-hvac-demand-control/,library,configured,
/en/library/co2-in-meeting-rooms/,/en/articles/co2-in-meeting-rooms/,library,configured,
/en/library/co2-monitoring-in-schools/,/en/articles/co2-monitoring-in-schools/,library,configured,
/en/library/cold-storage-door-open-alarms/,/en/articles/cold-storage-door-open-alarms/,library,configured,
/en/library/comfort-complaints-data-driven/,/en/articles/comfort-complaints-data-driven/,library,configured,
/en/library/conference-centre-utilisation/,/en/articles/conference-centre-utilisation/,library,configured,
/en/library/conference-room-issue-reporting/,/en/articles/conference-room-issue-reporting/,library,configured,
/en/library/cooking-fumes-kitchens/,/en/articles/cooking-fumes-kitchens/,library,configured,
/en/library/covid-era-density-legacy/,/en/articles/covid-era-density-legacy/,library,configured,
/en/library/coworking-day-pass-demand/,/en/articles/coworking-day-pass-demand/,library,configured,
/en/library/coworking-space-optimisation/,/en/articles/coworking-space-optimisation/,library,configured,
/en/library/crawl-space-humidity-alarms/,/en/articles/crawl-space-humidity-alarms/,library,configured,
/en/library/crypt-climate-monitoring/,/en/articles/crypt-climate-monitoring/,library,configured,
/en/library/csrd-scope-1-2-3-data/,/en/articles/csrd-scope-1-2-3-data/,library,configured,
/en/library/custom-reports-builder/,/en/articles/custom-reports-builder/,library,configured,
/en/library/daily-cycles-church-climate/,/en/articles/daily-cycles-church-climate/,library,configured,
/en/library/danish-work-environment-act/,/en/articles/danish-work-environment-act/,library,configured,
/en/library/data-literacy-facility-managers/,/en/articles/data-literacy-facility-managers/,library,configured,
/en/library/data-residency-eu/,/en/articles/data-residency-eu/,library,configured,
/en/library/data-retention-policies/,/en/articles/data-retention-policies/,library,configured,
/en/library/datacentre-high-availability/,/en/articles/datacentre-high-availability/,library,configured,
/en/library/delivery-door-temperature/,/en/articles/delivery-door-temperature/,library,configured,
/en/library/demand-based-cleaning-offices/,/en/articles/demand-based-cleaning-offices/,library,configured,
/en/library/deployment-timeline-expectations/,/en/articles/deployment-timeline-expectations/,library,configured,
/en/library/desk-sharing-utilisation/,/en/articles/desk-sharing-utilisation/,library,configured,
/en/library/dgnb-hvb-score/,/en/articles/dgnb-hvb-score/,library,configured,
/en/library/dgnb-preservation-documentation/,/en/articles/dgnb-preservation-documentation/,library,configured,
/en/library/digital-twins-smart-buildings/,/en/articles/digital-twins-smart-buildings/,library,configured,
/en/library/diocese-onboarding-preservation/,/en/articles/diocese-onboarding-preservation/,library,configured,
/en/library/dishwasher-overflow-detection/,/en/articles/dishwasher-overflow-detection/,library,configured,
/en/library/dispenser-refill-signals/,/en/articles/dispenser-refill-signals/,library,configured,
/en/library/district-heating-optimisation/,/en/articles/district-heating-optimisation/,library,configured,
/en/library/dust-particles-pm25/,/en/articles/dust-particles-pm25/,library,configured,
/en/library/dynamic-cleaning-prioritisation/,/en/articles/dynamic-cleaning-prioritisation/,library,configured,
/en/library/en-15251-historical/,/en/articles/en-15251-historical/,library,configured,
/en/library/en-15757-explained/,/en/articles/en-15757-explained/,library,configured,
/en/library/en-15757-in-practice/,/en/articles/en-15757-in-practice/,library,configured,
/en/library/en-15757-preservation/,/en/articles/en-15757-preservation/,library,configured,
/en/library/en-16798-explained/,/en/articles/en-16798-explained/,library,configured,
/en/library/energy-benchmarks-offices/,/en/articles/energy-benchmarks-offices/,library,configured,
/en/library/energy-benchmarks-schools/,/en/articles/energy-benchmarks-schools/,library,configured,
/en/library/energy-rating-brf-homes/,/en/articles/energy-rating-brf-homes/,library,configured,
/en/library/energy-waste-anomalies/,/en/articles/energy-waste-anomalies/,library,configured,
/en/library/equipment-cabinet-access-logs/,/en/articles/equipment-cabinet-access-logs/,library,configured,
/en/library/esg-reporting-buildings/,/en/articles/esg-reporting-buildings/,library,configured,
/en/library/esg-reporting-mandates/,/en/articles/esg-reporting-mandates/,library,configured,
/en/library/eu-ecodesign-directive/,/en/articles/eu-ecodesign-directive/,library,configured,
/en/library/facility-issue-escalation/,/en/articles/facility-issue-escalation/,library,configured,
/en/library/fan-coil-unit-leak-detection/,/en/articles/fan-coil-unit-leak-detection/,library,configured,
/en/library/film-archive-cold-storage/,/en/articles/film-archive-cold-storage/,library,configured,
/en/library/fire-door-open-too-long/,/en/articles/fire-door-open-too-long/,library,configured,
/en/library/flat-roof-leak-monitoring/,/en/articles/flat-roof-leak-monitoring/,library,configured,
/en/library/floor-occupancy-heatmaps/,/en/articles/floor-occupancy-heatmaps/,library,configured,
/en/library/frost-damage-pipes-alarm/,/en/articles/frost-damage-pipes-alarm/,library,configured,
/en/library/gamifying-classroom-ventilation/,/en/articles/gamifying-classroom-ventilation/,library,configured,
/en/library/gateway-redundancy-patterns/,/en/articles/gateway-redundancy-patterns/,library,configured,
/en/library/gdpr-data-processing/,/en/articles/gdpr-data-processing/,library,configured,
/en/library/gdpr-sensor-data/,/en/articles/gdpr-sensor-data/,library,configured,
/en/library/generative-ai-facility-mgmt/,/en/articles/generative-ai-facility-mgmt/,library,configured,
/en/library/getting-started-iot-buildings/,/en/articles/getting-started-iot-buildings/,library,configured,
/en/library/green-lease-iot-data/,/en/articles/green-lease-iot-data/,library,configured,
/en/library/greenhouse-orchid-culture/,/en/articles/greenhouse-orchid-culture/,library,configured,
/en/library/gutter-overflow-detection/,/en/articles/gutter-overflow-detection/,library,configured,
/en/library/gym-capacity-monitoring/,/en/articles/gym-capacity-monitoring/,library,configured,
/en/library/gym-equipment-wipe-downs/,/en/articles/gym-equipment-wipe-downs/,library,configured,
/en/library/gym-locker-turnover/,/en/articles/gym-locker-turnover/,library,configured,
/en/library/handyman-callout-buttons/,/en/articles/handyman-callout-buttons/,library,configured,
/en/library/heat-loss-windows-climate/,/en/articles/heat-loss-windows-climate/,library,configured,
/en/library/heat-recovery-effectiveness/,/en/articles/heat-recovery-effectiveness/,library,configured,
/en/library/historic-building-leak-risks/,/en/articles/historic-building-leak-risks/,library,configured,
/en/library/historic-window-condensation/,/en/articles/historic-window-condensation/,library,configured,
/en/library/hospital-staff-locker-monitoring/,/en/articles/hospital-staff-locker-monitoring/,library,configured,
/en/library/hospital-terminal-cleaning/,/en/articles/hospital-terminal-cleaning/,library,configured,
/en/library/hospital-ward-rollout/,/en/articles/hospital-ward-rollout/,library,configured,
/en/library/hot-desking-data/,/en/articles/hot-desking-data/,library,configured,
/en/library/hotel-bathroom-leak-detection/,/en/articles/hotel-bathroom-leak-detection/,library,configured,
/en/library/hotel-room-cleaning-pirs/,/en/articles/hotel-room-cleaning-pirs/,library,configured,
/en/library/hotel-room-service-buttons/,/en/articles/hotel-room-service-buttons/,library,configured,
/en/library/how-to-write-iot-rfp/,/en/articles/how-to-write-iot-rfp/,library,configured,
/en/library/humidifier-dehumidifier-automation/,/en/articles/humidifier-dehumidifier-automation/,library,configured,
/en/library/humidity-hospital-wards/,/en/articles/humidity-hospital-wards/,library,configured,
/en/library/humidity-in-churches/,/en/articles/humidity-in-churches/,library,configured,
/en/library/humidity-management-classrooms/,/en/articles/humidity-management-classrooms/,library,configured,
/en/library/hvac-failure-alerts-archives/,/en/articles/hvac-failure-alerts-archives/,library,configured,
/en/library/hybrid-work-data-trends/,/en/articles/hybrid-work-data-trends/,library,configured,
/en/library/hybrid-work-patterns/,/en/articles/hybrid-work-patterns/,library,configured,
/en/library/iaq-dashboards-for-facility-managers/,/en/articles/iaq-dashboards-for-facility-managers/,library,configured,
/en/library/ice-machine-leak-detection/,/en/articles/ice-machine-leak-detection/,library,configured,
/en/library/iconostasis-climate/,/en/articles/iconostasis-climate/,library,configured,
/en/library/incident-response-sla/,/en/articles/incident-response-sla/,library,configured,
/en/library/indoor-air-quality-hospitals/,/en/articles/indoor-air-quality-hospitals/,library,configured,
/en/library/indoor-climate-audits/,/en/articles/indoor-climate-audits/,library,configured,
/en/library/indoor-climate-care-homes/,/en/articles/indoor-climate-care-homes/,library,configured,
/en/library/indoor-climate-home-offices/,/en/articles/indoor-climate-home-offices/,library,configured,
/en/library/indoor-climate-kindergartens/,/en/articles/indoor-climate-kindergartens/,library,configured,
/en/library/indoor-climate-nursing-homes/,/en/articles/indoor-climate-nursing-homes/,library,configured,
/en/library/indoor-climate-retail/,/en/articles/indoor-climate-retail/,library,configured,
/en/library/insurance-deductible-reduction/,/en/articles/insurance-deductible-reduction/,library,configured,
/en/library/insurance-documentation-museums/,/en/articles/insurance-documentation-museums/,library,configured,
/en/library/integration-azure-iot-hub/,/en/articles/integration-azure-iot-hub/,library,configured,
/en/library/integration-dalux/,/en/articles/integration-dalux/,library,configured,
/en/library/integration-google-calendar/,/en/articles/integration-google-calendar/,library,configured,
/en/library/integration-microsoft-teams/,/en/articles/integration-microsoft-teams/,library,configured,
/en/library/integration-niagara-tridium/,/en/articles/integration-niagara-tridium/,library,configured,
/en/library/integration-os2iot/,/en/articles/integration-os2iot/,library,configured,
/en/library/integration-power-bi/,/en/articles/integration-power-bi/,library,configured,
/en/library/integration-pronestor/,/en/articles/integration-pronestor/,library,configured,
/en/library/integration-schneider-ecostruxure/,/en/articles/integration-schneider-ecostruxure/,library,configured,
/en/library/integration-servicenow/,/en/articles/integration-servicenow/,library,configured,
/en/library/integration-siemens-desigo/,/en/articles/integration-siemens-desigo/,library,configured,
/en/library/integration-slack-alerts/,/en/articles/integration-slack-alerts/,library,configured,
/en/library/interpreting-iot-dashboards/,/en/articles/interpreting-iot-dashboards/,library,configured,
/en/library/iot-aquariums/,/en/articles/iot-aquariums/,library,configured,
/en/library/iot-bakeries/,/en/articles/iot-bakeries/,library,configured,
/en/library/iot-bowling-alleys/,/en/articles/iot-bowling-alleys/,library,configured,
/en/library/iot-breweries/,/en/articles/iot-breweries/,library,configured,
/en/library/iot-climbing-gyms/,/en/articles/iot-climbing-gyms/,library,configured,
/en/library/iot-concert-halls/,/en/articles/iot-concert-halls/,library,configured,
/en/library/iot-dental-offices/,/en/articles/iot-dental-offices/,library,configured,
/en/library/iot-driving-schools/,/en/articles/iot-driving-schools/,library,configured,
/en/library/iot-escape-rooms/,/en/articles/iot-escape-rooms/,library,configured,
/en/library/iot-fishery-ports/,/en/articles/iot-fishery-ports/,library,configured,
/en/library/iot-funeral-homes/,/en/articles/iot-funeral-homes/,library,configured,
/en/library/iot-greenhouses/,/en/articles/iot-greenhouses/,library,configured,
/en/library/iot-marinas/,/en/articles/iot-marinas/,library,configured,
/en/library/iot-music-rehearsal/,/en/articles/iot-music-rehearsal/,library,configured,
/en/library/iot-pharmacies/,/en/articles/iot-pharmacies/,library,configured,
/en/library/iot-procurement-guide/,/en/articles/iot-procurement-guide/,library,configured,
/en/library/iot-sensors-vs-manual-checks/,/en/articles/iot-sensors-vs-manual-checks/,library,configured,
/en/library/iot-sports-stadiums/,/en/articles/iot-sports-stadiums/,library,configured,
/en/library/iot-veterinary-clinics/,/en/articles/iot-veterinary-clinics/,library,configured,
/en/library/iot-wineries/,/en/articles/iot-wineries/,library,configured,
/en/library/iot-yoga-studios/,/en/articles/iot-yoga-studios/,library,configured,
/en/library/iot-zoos/,/en/articles/iot-zoos/,library,configured,
/en/library/iso-19650-bim-iot/,/en/articles/iso-19650-bim-iot/,library,configured,
/en/library/iso-27001-platform/,/en/articles/iso-27001-platform/,library,configured,
/en/library/kitchen-equipment-reporting/,/en/articles/kitchen-equipment-reporting/,library,configured,
/en/library/lab-incident-reporting/,/en/articles/lab-incident-reporting/,library,configured,
/en/library/leak-alarm-escalation-ladder/,/en/articles/leak-alarm-escalation-ladder/,library,configured,
/en/library/leak-sensors-for-basements-and-plant-rooms/,/en/articles/leak-sensors-for-basements-and-plant-rooms/,library,configured,
/en/library/leather-book-spine-humidity/,/en/articles/leather-book-spine-humidity/,library,configured,
/en/library/leed-indoor-air-quality/,/en/articles/leed-indoor-air-quality/,library,configured,
/en/library/library-book-preservation/,/en/articles/library-book-preservation/,library,configured,
/en/library/library-study-room-bookings/,/en/articles/library-study-room-bookings/,library,configured,
/en/library/lights-out-automation/,/en/articles/lights-out-automation/,library,configured,
/en/library/loaning-artefacts-travel-logger/,/en/articles/loaning-artefacts-travel-logger/,library,configured,
/en/library/locker-booking-corporate/,/en/articles/locker-booking-corporate/,library,configured,
/en/library/locker-occupancy-schools/,/en/articles/locker-occupancy-schools/,library,configured,
/en/library/lorawan-vs-nb-iot-rf-budget/,/en/articles/lorawan-vs-nb-iot-rf-budget/,library,configured,
/en/library/maintaining-iot-fleet/,/en/articles/maintaining-iot-fleet/,library,configured,
/en/library/manor-castle-climate-monitoring/,/en/articles/manor-castle-climate-monitoring/,library,configured,
/en/library/maps-floorplans-upload/,/en/articles/maps-floorplans-upload/,library,configured,
/en/library/marzipan-art-storage/,/en/articles/marzipan-art-storage/,library,configured,
/en/library/medicine-cabinet-compliance/,/en/articles/medicine-cabinet-compliance/,library,configured,
/en/library/meeting-room-booking-no-shows/,/en/articles/meeting-room-booking-no-shows/,library,configured,
/en/library/meeting-room-dashboards-tv/,/en/articles/meeting-room-dashboards-tv/,library,configured,
/en/library/meeting-room-right-sizing/,/en/articles/meeting-room-right-sizing/,library,configured,
/en/library/metal-corrosion-humidity/,/en/articles/metal-corrosion-humidity/,library,configured,
/en/library/meter-cabinet-monitoring/,/en/articles/meter-cabinet-monitoring/,library,configured,
/en/library/mobile-app-field-techs/,/en/articles/mobile-app-field-techs/,library,configured,
/en/library/mould-prevention-humidity/,/en/articles/mould-prevention-humidity/,library,configured,
/en/library/mqtt-integration/,/en/articles/mqtt-integration/,library,configured,
/en/library/multi-campus-space-benchmarking/,/en/articles/multi-campus-space-benchmarking/,library,configured,
/en/library/multi-tenant-access-control/,/en/articles/multi-tenant-access-control/,library,configured,
/en/library/municipality-rollout-playbook/,/en/articles/municipality-rollout-playbook/,library,configured,
/en/library/museum-pest-monitoring/,/en/articles/museum-pest-monitoring/,library,configured,
/en/library/museum-rollout-playbook/,/en/articles/museum-rollout-playbook/,library,configured,
/en/library/museum-storage-climate/,/en/articles/museum-storage-climate/,library,configured,
/en/library/nb-iot-adoption-nordics/,/en/articles/nb-iot-adoption-nordics/,library,configured,
/en/library/nfc-vs-lorawan-buttons/,/en/articles/nfc-vs-lorawan-buttons/,library,configured,
/en/library/night-setback-heating/,/en/articles/night-setback-heating/,library,configured,
/en/library/night-ventilation-strategies/,/en/articles/night-ventilation-strategies/,library,configured,
/en/library/nordic-museum-iot-adoption/,/en/articles/nordic-museum-iot-adoption/,library,configured,
/en/library/nurse-call-aware-cleaning/,/en/articles/nurse-call-aware-cleaning/,library,configured,
/en/library/occupancy-sensors-offices/,/en/articles/occupancy-sensors-offices/,library,configured,
/en/library/occupied-unoccupied-hvac/,/en/articles/occupied-unoccupied-hvac/,library,configured,
/en/library/office-density-planning/,/en/articles/office-density-planning/,library,configured,
/en/library/office-retrofit-rollout/,/en/articles/office-retrofit-rollout/,library,configured,
/en/library/oil-paintings-temperature-swings/,/en/articles/oil-paintings-temperature-swings/,library,configured,
/en/library/organ-hall-restoration/,/en/articles/organ-hall-restoration/,library,configured,
/en/library/organ-preservation/,/en/articles/organ-preservation/,library,configured,
/en/library/outdoor-area-cleaning-weather/,/en/articles/outdoor-area-cleaning-weather/,library,configured,
/en/library/palace-floor-conservation/,/en/articles/palace-floor-conservation/,library,configured,
/en/library/paper-artefact-storage/,/en/articles/paper-artefact-storage/,library,configured,
/en/library/parking-lot-sensors/,/en/articles/parking-lot-sensors/,library,configured,
/en/library/patient-feedback-buttons/,/en/articles/patient-feedback-buttons/,library,configured,
/en/library/pdf-export-template/,/en/articles/pdf-export-template/,library,configured,
/en/library/peak-load-shaving/,/en/articles/peak-load-shaving/,library,configured,
/en/library/pharmacy-medicine-storage/,/en/articles/pharmacy-medicine-storage/,library,configured,
/en/library/phone-booth-utilisation/,/en/articles/phone-booth-utilisation/,library,configured,
/en/library/photographic-collection-climate/,/en/articles/photographic-collection-climate/,library,configured,
/en/library/pilot-budget-planning/,/en/articles/pilot-budget-planning/,library,configured,
/en/library/pilot-to-production/,/en/articles/pilot-to-production/,library,configured,
/en/library/playground-usage-cleaning/,/en/articles/playground-usage-cleaning/,library,configured,
/en/library/plug-load-monitoring-offices/,/en/articles/plug-load-monitoring-offices/,library,configured,
/en/library/pollen-and-indoor-air/,/en/articles/pollen-and-indoor-air/,library,configured,
/en/library/power-bi-connector/,/en/articles/power-bi-connector/,library,configured,
/en/library/ppd-ppi-indoor-climate-metrics/,/en/articles/ppd-ppi-indoor-climate-metrics/,library,configured,
/en/library/ppm-thresholds-explained/,/en/articles/ppm-thresholds-explained/,library,configured,
/en/library/preservation-digitalisation/,/en/articles/preservation-digitalisation/,library,configured,
/en/library/preservation-roi-dioceses/,/en/articles/preservation-roi-dioceses/,library,configured,
/en/library/procurement-approval-checklist/,/en/articles/procurement-approval-checklist/,library,configured,
/en/library/proptech-2026-trends/,/en/articles/proptech-2026-trends/,library,configured,
/en/library/public-dashboards-kiosk/,/en/articles/public-dashboards-kiosk/,library,configured,
/en/library/pv-self-consumption/,/en/articles/pv-self-consumption/,library,configured,
/en/library/quiet-room-demand/,/en/articles/quiet-room-demand/,library,configured,
/en/library/radio-equipment-directive/,/en/articles/radio-equipment-directive/,library,configured,
/en/library/radon-measurement/,/en/articles/radon-measurement/,library,configured,
/en/library/reception-visitor-flow/,/en/articles/reception-visitor-flow/,library,configured,
/en/library/reporting-indoor-climate-to-boards/,/en/articles/reporting-indoor-climate-to-boards/,library,configured,
/en/library/residential-care-water-safety/,/en/articles/residential-care-water-safety/,library,configured,
/en/library/restocking-toilets-push-buttons/,/en/articles/restocking-toilets-push-buttons/,library,configured,
/en/library/restroom-floor-leak-detection/,/en/articles/restroom-floor-leak-detection/,library,configured,
/en/library/restroom-footfall-cleaning/,/en/articles/restroom-footfall-cleaning/,library,configured,
/en/library/retail-employee-call-button/,/en/articles/retail-employee-call-button/,library,configured,
/en/library/roi-brand-value-museums/,/en/articles/roi-brand-value-museums/,library,configured,
/en/library/roi-cleaning-fte-reduction/,/en/articles/roi-cleaning-fte-reduction/,library,configured,
/en/library/roi-dgnb-certification/,/en/articles/roi-dgnb-certification/,library,configured,
/en/library/roi-energy-retrofit-payback/,/en/articles/roi-energy-retrofit-payback/,library,configured,
/en/library/roi-hybrid-work-downsizing/,/en/articles/roi-hybrid-work-downsizing/,library,configured,
/en/library/roi-insurance-premium-reduction/,/en/articles/roi-insurance-premium-reduction/,library,configured,
/en/library/roi-preservation-insurance/,/en/articles/roi-preservation-insurance/,library,configured,
/en/library/roi-space-right-sizing/,/en/articles/roi-space-right-sizing/,library,configured,
/en/library/roi-tenant-satisfaction/,/en/articles/roi-tenant-satisfaction/,library,configured,
/en/library/roi-water-damage-avoided/,/en/articles/roi-water-damage-avoided/,library,configured,
/en/library/role-based-access-control/,/en/articles/role-based-access-control/,library,configured,
/en/library/rollout-in-varde-municipality/,/en/articles/rollout-in-varde-municipality/,library,configured,
/en/library/rollout-plan-portfolio/,/en/articles/rollout-plan-portfolio/,library,configured,
/en/library/roomalyzer-architecture/,/en/articles/roomalyzer-architecture/,library,configured,
/en/library/roomalyzer-vs-generic-iaq/,/en/articles/roomalyzer-vs-generic-iaq/,library,configured,
/en/library/school-rollout-checklist/,/en/articles/school-rollout-checklist/,library,configured,
/en/library/school-toilet-cleaning-schedule/,/en/articles/school-toilet-cleaning-schedule/,library,configured,
/en/library/scim-user-provisioning/,/en/articles/scim-user-provisioning/,library,configured,
/en/library/scoping-iot-pilot-project/,/en/articles/scoping-iot-pilot-project/,library,configured,
/en/library/seasonal-tuning-organ/,/en/articles/seasonal-tuning-organ/,library,configured,
/en/library/security-panic-buttons/,/en/articles/security-panic-buttons/,library,configured,
/en/library/sensor-placement-guide/,/en/articles/sensor-placement-guide/,library,configured,
/en/library/server-rack-door-sensors/,/en/articles/server-rack-door-sensors/,library,configured,
/en/library/setpoint-drift-detection/,/en/articles/setpoint-drift-detection/,library,configured,
/en/library/setpoint-tuning-algorithms/,/en/articles/setpoint-tuning-algorithms/,library,configured,
/en/library/sewer-backup-alarms/,/en/articles/sewer-backup-alarms/,library,configured,
/en/library/shuttle-bus-utilisation/,/en/articles/shuttle-bus-utilisation/,library,configured,
/en/library/silent-room-pir-sensors/,/en/articles/silent-room-pir-sensors/,library,configured,
/en/library/sprinkler-system-test-monitoring/,/en/articles/sprinkler-system-test-monitoring/,library,configured,
/en/library/sso-integration-azure-ad/,/en/articles/sso-integration-azure-ad/,library,configured,
/en/library/sso-okta-integration/,/en/articles/sso-okta-integration/,library,configured,
/en/library/stakeholder-buy-in/,/en/articles/stakeholder-buy-in/,library,configured,
/en/library/stone-monument-freeze-thaw/,/en/articles/stone-monument-freeze-thaw/,library,configured,
/en/library/storage-battery-scheduling/,/en/articles/storage-battery-scheduling/,library,configured,
/en/library/storm-water-basement-sensors/,/en/articles/storm-water-basement-sensors/,library,configured,
/en/library/summer-overheating-offices/,/en/articles/summer-overheating-offices/,library,configured,
/en/library/tags/,/en/articles/tags/,library,configured,
/en/library/teacher-training-indoor-climate/,/en/articles/teacher-training-indoor-climate/,library,configured,
/en/library/temperature-control-open-offices/,/en/articles/temperature-control-open-offices/,library,configured,
/en/library/temperature-setpoints-energy-balance/,/en/articles/temperature-setpoints-energy-balance/,library,configured,
/en/library/textile-conservation-climate/,/en/articles/textile-conservation-climate/,library,configured,
/en/library/thermal-comfort-shared-offices/,/en/articles/thermal-comfort-shared-offices/,library,configured,
/en/library/total-cost-of-ownership/,/en/articles/total-cost-of-ownership/,library,configured,
/en/library/tourist-attraction-feedback/,/en/articles/tourist-attraction-feedback/,library,configured,
/en/library/tourist-visitor-impact-climate/,/en/articles/tourist-visitor-impact-climate/,library,configured,
/en/library/tv-dashboards-receptions/,/en/articles/tv-dashboards-receptions/,library,configured,
/en/library/under-sink-sensor-placement/,/en/articles/under-sink-sensor-placement/,library,configured,
/en/library/vault-monitoring-banks/,/en/articles/vault-monitoring-banks/,library,configured,
/en/library/vav-control-with-co2/,/en/articles/vav-control-with-co2/,library,configured,
/en/library/vendor-lock-in-avoidance/,/en/articles/vendor-lock-in-avoidance/,library,configured,
/en/library/ventilation-retrofit-guide/,/en/articles/ventilation-retrofit-guide/,library,configured,
/en/library/visitor-count-gallery-cleaning/,/en/articles/visitor-count-gallery-cleaning/,library,configured,
/en/library/voc-levels-in-offices/,/en/articles/voc-levels-in-offices/,library,configured,
/en/library/warehouse-picking-feedback/,/en/articles/warehouse-picking-feedback/,library,configured,
/en/library/washing-machine-leak-sensors/,/en/articles/washing-machine-leak-sensors/,library,configured,
/en/library/water-alarms-in-server-rooms/,/en/articles/water-alarms-in-server-rooms/,library,configured,
/en/library/water-damage-insurance-documentation/,/en/articles/water-damage-insurance-documentation/,library,configured,
/en/library/water-detection-stop-damage-before-it-spreads/,/en/articles/water-detection-stop-damage-before-it-spreads/,library,configured,
/en/library/webhooks-for-alarms/,/en/articles/webhooks-for-alarms/,library,configured,
/en/library/well-v2-indoor-air/,/en/articles/well-v2-indoor-air/,library,configured,
/en/library/when-to-ventilate/,/en/articles/when-to-ventilate/,library,configured,
/en/library/whisky-barrel-warehouse/,/en/articles/whisky-barrel-warehouse/,library,configured,
/en/library/white-label-dashboards/,/en/articles/white-label-dashboards/,library,configured,
/en/library/who-air-quality-guidelines/,/en/articles/who-air-quality-guidelines/,library,configured,
/en/library/window-cleaning-daylight-sensors/,/en/articles/window-cleaning-daylight-sensors/,library,configured,
/en/library/wine-cellar-humidity/,/en/articles/wine-cellar-humidity/,library,configured,
/en/library/winter-dryness-control/,/en/articles/winter-dryness-control/,library,configured,
/en/library/wooden-furniture-preservation/,/en/articles/wooden-furniture-preservation/,library,configured,
/en/library/workplace-assessment-indoor-climate/,/en/articles/workplace-assessment-indoor-climate/,library,configured,
/en/library/workplace-mix-ratio/,/en/articles/workplace-mix-ratio/,library,configured,
/en/pricing/enterprise/,/en/pricing/,pricing,configured,
/en/pricing/plans/,/en/pricing/,pricing,configured,
/en/sensors/compare/,/en/compare/,sensors,configured,
/en/sensors/full-plus-pir/,/en/sensors/,sensors,configured,
/en/sensors/full/,/en/sensors/,sensors,configured,
/en/sensors/gateway/,/en/sensors/cloud-connector/,sensors,configured,
/en/sensors/mini/,/en/sensors/,sensors,configured,
/en/sensors/motion-pir/,/en/sensors/motion/,sensors,configured,
/en/sensors/push-button/,/en/sensors/touch/,sensors,configured,
/en/sensors/series-a/,/en/sensors/,sensors,configured,
/en/sensors/series-b/,/en/sensors/,sensors,configured,
/en/sensors/series-c/,/en/sensors/,sensors,configured,
/en/shop/products/full-plus-pir/,/en/shop/products/,shop,configured,
/en/shop/products/full/,/en/shop/products/,shop,configured,
/en/shop/products/gateway/,/en/shop/products/cloud-connector/,shop,configured,
/en/shop/products/mini/,/en/shop/products/,shop,configured,
/en/shop/products/motion-pir/,/en/shop/products/motion/,shop,configured,
/en/shop/products/push-button/,/en/shop/products/touch/,shop,configured,
/en/shop/products/series-a/,/en/shop/products/,shop,configured,
/en/shop/products/series-b/,/en/shop/products/,shop,configured,
/en/shop/products/series-c/,/en/shop/products/,shop,configured,
/en/solutions/,/en/articles/,solutions,configured,
/en/solutions/after-hours-door-alarms/,/en/articles/after-hours-door-alarms/,solutions,configured,
/en/solutions/ai-in-facility-management/,/en/articles/ai-in-facility-management/,solutions,configured,
/en/solutions/air-quality-auditoriums/,/en/articles/air-quality-auditoriums/,solutions,configured,
/en/solutions/air-quality-libraries/,/en/articles/air-quality-libraries/,solutions,configured,
/en/solutions/air-quality-sports-halls/,/en/articles/air-quality-sports-halls/,solutions,configured,
/en/solutions/air-quality-trends-over-seasons/,/en/articles/air-quality-trends-over-seasons/,solutions,configured,
/en/solutions/airport-restroom-cleaning-sla/,/en/articles/airport-restroom-cleaning-sla/,solutions,configured,
/en/solutions/alarm-escalation-chains/,/en/articles/alarm-escalation-chains/,solutions,configured,
/en/solutions/alarms-for-indoor-climate/,/en/articles/alarms-for-indoor-climate/,solutions,configured,
/en/solutions/altar-pieces-humidity/,/en/articles/altar-pieces-humidity/,solutions,configured,
/en/solutions/api-authentication-oauth/,/en/articles/api-authentication-oauth/,solutions,configured,
/en/solutions/api-rate-limits/,/en/articles/api-rate-limits/,solutions,configured,
/en/solutions/archive-retrofit-rollout/,/en/articles/archive-retrofit-rollout/,solutions,configured,
/en/solutions/archive-temperature-control/,/en/articles/archive-temperature-control/,solutions,configured,
/en/solutions/art-storage-vault-access/,/en/articles/art-storage-vault-access/,solutions,configured,
/en/solutions/ashrae-62-1-guidance/,/en/articles/ashrae-62-1-guidance/,solutions,configured,
/en/solutions/audit-logs-for-admins/,/en/articles/audit-logs-for-admins/,solutions,configured,
/en/solutions/battery-lifetime-tuning/,/en/articles/battery-lifetime-tuning/,solutions,configured,
/en/solutions/behavioural-energy-savings/,/en/articles/behavioural-energy-savings/,solutions,configured,
/en/solutions/bike-rack-occupancy/,/en/articles/bike-rack-occupancy/,solutions,configured,
/en/solutions/bike-storage-door-status/,/en/articles/bike-storage-door-status/,solutions,configured,
/en/solutions/boiler-cycling-analytics/,/en/articles/boiler-cycling-analytics/,solutions,configured,
/en/solutions/boiler-room-flood-sensors/,/en/articles/boiler-room-flood-sensors/,solutions,configured,
/en/solutions/bookable-zones-dynamic-pricing/,/en/articles/bookable-zones-dynamic-pricing/,solutions,configured,
/en/solutions/br18-indoor-climate/,/en/articles/br18-indoor-climate/,solutions,configured,
/en/solutions/break-room-usage/,/en/articles/break-room-usage/,solutions,configured,
/en/solutions/building-iot-business-case/,/en/articles/building-iot-business-case/,solutions,configured,
/en/solutions/button-battery-lifetime/,/en/articles/button-battery-lifetime/,solutions,configured,
/en/solutions/button-heatmap-analysis/,/en/articles/button-heatmap-analysis/,solutions,configured,
/en/solutions/cafeteria-peak-hours/,/en/articles/cafeteria-peak-hours/,solutions,configured,
/en/solutions/calibration-intervals-explained/,/en/articles/calibration-intervals-explained/,solutions,configured,
/en/solutions/canteen-capacity-planning/,/en/articles/canteen-capacity-planning/,solutions,configured,
/en/solutions/canteen-cleaning-triggers/,/en/articles/canteen-cleaning-triggers/,solutions,configured,
/en/solutions/ce-marking-iot-devices/,/en/articles/ce-marking-iot-devices/,solutions,configured,
/en/solutions/chapel-climate-sensors/,/en/articles/chapel-climate-sensors/,solutions,configured,
/en/solutions/chemical-cabinet-audit-trail/,/en/articles/chemical-cabinet-audit-trail/,solutions,configured,
/en/solutions/chilled-beam-condensation/,/en/articles/chilled-beam-condensation/,solutions,configured,
/en/solutions/choosing-sensor-placement/,/en/articles/choosing-sensor-placement/,solutions,configured,
/en/solutions/church-interior-rh-bands/,/en/articles/church-interior-rh-bands/,solutions,configured,
/en/solutions/classroom-feedback-teachers/,/en/articles/classroom-feedback-teachers/,solutions,configured,
/en/solutions/classroom-timetable-vs-usage/,/en/articles/classroom-timetable-vs-usage/,solutions,configured,
/en/solutions/classroom-ventilation-checklist/,/en/articles/classroom-ventilation-checklist/,solutions,configured,
/en/solutions/cleaning-chemicals-voc/,/en/articles/cleaning-chemicals-voc/,solutions,configured,
/en/solutions/cleaning-cupboard-audit/,/en/articles/cleaning-cupboard-audit/,solutions,configured,
/en/solutions/cleaning-request-buttons-restrooms/,/en/articles/cleaning-request-buttons-restrooms/,solutions,configured,
/en/solutions/cleaning-robot-orchestration/,/en/articles/cleaning-robot-orchestration/,solutions,configured,
/en/solutions/cleaning-sla-via-buttons/,/en/articles/cleaning-sla-via-buttons/,solutions,configured,
/en/solutions/cleaning-team-onboarding/,/en/articles/cleaning-team-onboarding/,solutions,configured,
/en/solutions/climate-control-vestries/,/en/articles/climate-control-vestries/,solutions,configured,
/en/solutions/co-working-end-of-day-cleaning/,/en/articles/co-working-end-of-day-cleaning/,solutions,configured,
/en/solutions/co2-based-hvac-demand-control/,/en/articles/co2-based-hvac-demand-control/,solutions,configured,
/en/solutions/co2-in-meeting-rooms/,/en/articles/co2-in-meeting-rooms/,solutions,configured,
/en/solutions/co2-monitoring-in-schools/,/en/articles/co2-monitoring-in-schools/,solutions,configured,
/en/solutions/cold-storage-door-open-alarms/,/en/articles/cold-storage-door-open-alarms/,solutions,configured,
/en/solutions/comfort-complaints-data-driven/,/en/articles/comfort-complaints-data-driven/,solutions,configured,
/en/solutions/conference-centre-utilisation/,/en/articles/conference-centre-utilisation/,solutions,configured,
/en/solutions/conference-room-issue-reporting/,/en/articles/conference-room-issue-reporting/,solutions,configured,
/en/solutions/cooking-fumes-kitchens/,/en/articles/cooking-fumes-kitchens/,solutions,configured,
/en/solutions/covid-era-density-legacy/,/en/articles/covid-era-density-legacy/,solutions,configured,
/en/solutions/coworking-day-pass-demand/,/en/articles/coworking-day-pass-demand/,solutions,configured,
/en/solutions/coworking-space-optimisation/,/en/articles/coworking-space-optimisation/,solutions,configured,
/en/solutions/crawl-space-humidity-alarms/,/en/articles/crawl-space-humidity-alarms/,solutions,configured,
/en/solutions/crypt-climate-monitoring/,/en/articles/crypt-climate-monitoring/,solutions,configured,
/en/solutions/csrd-scope-1-2-3-data/,/en/articles/csrd-scope-1-2-3-data/,solutions,configured,
/en/solutions/custom-reports-builder/,/en/articles/custom-reports-builder/,solutions,configured,
/en/solutions/daily-cycles-church-climate/,/en/articles/daily-cycles-church-climate/,solutions,configured,
/en/solutions/danish-work-environment-act/,/en/articles/danish-work-environment-act/,solutions,configured,
/en/solutions/data-literacy-facility-managers/,/en/articles/data-literacy-facility-managers/,solutions,configured,
/en/solutions/data-residency-eu/,/en/articles/data-residency-eu/,solutions,configured,
/en/solutions/data-retention-policies/,/en/articles/data-retention-policies/,solutions,configured,
/en/solutions/datacentre-high-availability/,/en/articles/datacentre-high-availability/,solutions,configured,
/en/solutions/delivery-door-temperature/,/en/articles/delivery-door-temperature/,solutions,configured,
/en/solutions/demand-based-cleaning-offices/,/en/articles/demand-based-cleaning-offices/,solutions,configured,
/en/solutions/deployment-timeline-expectations/,/en/articles/deployment-timeline-expectations/,solutions,configured,
/en/solutions/desk-sharing-utilisation/,/en/articles/desk-sharing-utilisation/,solutions,configured,
/en/solutions/dgnb-hvb-score/,/en/articles/dgnb-hvb-score/,solutions,configured,
/en/solutions/dgnb-preservation-documentation/,/en/articles/dgnb-preservation-documentation/,solutions,configured,
/en/solutions/digital-twins-smart-buildings/,/en/articles/digital-twins-smart-buildings/,solutions,configured,
/en/solutions/diocese-onboarding-preservation/,/en/articles/diocese-onboarding-preservation/,solutions,configured,
/en/solutions/dishwasher-overflow-detection/,/en/articles/dishwasher-overflow-detection/,solutions,configured,
/en/solutions/dispenser-refill-signals/,/en/articles/dispenser-refill-signals/,solutions,configured,
/en/solutions/district-heating-optimisation/,/en/articles/district-heating-optimisation/,solutions,configured,
/en/solutions/dust-particles-pm25/,/en/articles/dust-particles-pm25/,solutions,configured,
/en/solutions/dynamic-cleaning-prioritisation/,/en/articles/dynamic-cleaning-prioritisation/,solutions,configured,
/en/solutions/en-15251-historical/,/en/articles/en-15251-historical/,solutions,configured,
/en/solutions/en-15757-explained/,/en/articles/en-15757-explained/,solutions,configured,
/en/solutions/en-15757-in-practice/,/en/articles/en-15757-in-practice/,solutions,configured,
/en/solutions/en-15757-preservation/,/en/articles/en-15757-preservation/,solutions,configured,
/en/solutions/en-16798-explained/,/en/articles/en-16798-explained/,solutions,configured,
/en/solutions/energy-benchmarks-offices/,/en/articles/energy-benchmarks-offices/,solutions,configured,
/en/solutions/energy-benchmarks-schools/,/en/articles/energy-benchmarks-schools/,solutions,configured,
/en/solutions/energy-rating-brf-homes/,/en/articles/energy-rating-brf-homes/,solutions,configured,
/en/solutions/energy-waste-anomalies/,/en/articles/energy-waste-anomalies/,solutions,configured,
/en/solutions/equipment-cabinet-access-logs/,/en/articles/equipment-cabinet-access-logs/,solutions,configured,
/en/solutions/esg-reporting-buildings/,/en/articles/esg-reporting-buildings/,solutions,configured,
/en/solutions/esg-reporting-mandates/,/en/articles/esg-reporting-mandates/,solutions,configured,
/en/solutions/eu-ecodesign-directive/,/en/articles/eu-ecodesign-directive/,solutions,configured,
/en/solutions/facility-issue-escalation/,/en/articles/facility-issue-escalation/,solutions,configured,
/en/solutions/fan-coil-unit-leak-detection/,/en/articles/fan-coil-unit-leak-detection/,solutions,configured,
/en/solutions/film-archive-cold-storage/,/en/articles/film-archive-cold-storage/,solutions,configured,
/en/solutions/fire-door-open-too-long/,/en/articles/fire-door-open-too-long/,solutions,configured,
/en/solutions/flat-roof-leak-monitoring/,/en/articles/flat-roof-leak-monitoring/,solutions,configured,
/en/solutions/floor-occupancy-heatmaps/,/en/articles/floor-occupancy-heatmaps/,solutions,configured,
/en/solutions/frost-damage-pipes-alarm/,/en/articles/frost-damage-pipes-alarm/,solutions,configured,
/en/solutions/gamifying-classroom-ventilation/,/en/articles/gamifying-classroom-ventilation/,solutions,configured,
/en/solutions/gateway-redundancy-patterns/,/en/articles/gateway-redundancy-patterns/,solutions,configured,
/en/solutions/gdpr-data-processing/,/en/articles/gdpr-data-processing/,solutions,configured,
/en/solutions/gdpr-sensor-data/,/en/articles/gdpr-sensor-data/,solutions,configured,
/en/solutions/generative-ai-facility-mgmt/,/en/articles/generative-ai-facility-mgmt/,solutions,configured,
/en/solutions/getting-started-iot-buildings/,/en/articles/getting-started-iot-buildings/,solutions,configured,
/en/solutions/green-lease-iot-data/,/en/articles/green-lease-iot-data/,solutions,configured,
/en/solutions/greenhouse-orchid-culture/,/en/articles/greenhouse-orchid-culture/,solutions,configured,
/en/solutions/gutter-overflow-detection/,/en/articles/gutter-overflow-detection/,solutions,configured,
/en/solutions/gym-capacity-monitoring/,/en/articles/gym-capacity-monitoring/,solutions,configured,
/en/solutions/gym-equipment-wipe-downs/,/en/articles/gym-equipment-wipe-downs/,solutions,configured,
/en/solutions/gym-locker-turnover/,/en/articles/gym-locker-turnover/,solutions,configured,
/en/solutions/handyman-callout-buttons/,/en/articles/handyman-callout-buttons/,solutions,configured,
/en/solutions/heat-loss-windows-climate/,/en/articles/heat-loss-windows-climate/,solutions,configured,
/en/solutions/heat-recovery-effectiveness/,/en/articles/heat-recovery-effectiveness/,solutions,configured,
/en/solutions/historic-building-leak-risks/,/en/articles/historic-building-leak-risks/,solutions,configured,
/en/solutions/historic-window-condensation/,/en/articles/historic-window-condensation/,solutions,configured,
/en/solutions/hospital-staff-locker-monitoring/,/en/articles/hospital-staff-locker-monitoring/,solutions,configured,
/en/solutions/hospital-terminal-cleaning/,/en/articles/hospital-terminal-cleaning/,solutions,configured,
/en/solutions/hospital-ward-rollout/,/en/articles/hospital-ward-rollout/,solutions,configured,
/en/solutions/hot-desking-data/,/en/articles/hot-desking-data/,solutions,configured,
/en/solutions/hotel-bathroom-leak-detection/,/en/articles/hotel-bathroom-leak-detection/,solutions,configured,
/en/solutions/hotel-room-cleaning-pirs/,/en/articles/hotel-room-cleaning-pirs/,solutions,configured,
/en/solutions/hotel-room-service-buttons/,/en/articles/hotel-room-service-buttons/,solutions,configured,
/en/solutions/how-to-write-iot-rfp/,/en/articles/how-to-write-iot-rfp/,solutions,configured,
/en/solutions/humidifier-dehumidifier-automation/,/en/articles/humidifier-dehumidifier-automation/,solutions,configured,
/en/solutions/humidity-hospital-wards/,/en/articles/humidity-hospital-wards/,solutions,configured,
/en/solutions/humidity-in-churches/,/en/articles/humidity-in-churches/,solutions,configured,
/en/solutions/humidity-management-classrooms/,/en/articles/humidity-management-classrooms/,solutions,configured,
/en/solutions/hvac-failure-alerts-archives/,/en/articles/hvac-failure-alerts-archives/,solutions,configured,
/en/solutions/hybrid-work-data-trends/,/en/articles/hybrid-work-data-trends/,solutions,configured,
/en/solutions/hybrid-work-patterns/,/en/articles/hybrid-work-patterns/,solutions,configured,
/en/solutions/iaq-dashboards-for-facility-managers/,/en/articles/iaq-dashboards-for-facility-managers/,solutions,configured,
/en/solutions/ice-machine-leak-detection/,/en/articles/ice-machine-leak-detection/,solutions,configured,
/en/solutions/iconostasis-climate/,/en/articles/iconostasis-climate/,solutions,configured,
/en/solutions/incident-response-sla/,/en/articles/incident-response-sla/,solutions,configured,
/en/solutions/indoor-air-quality-hospitals/,/en/articles/indoor-air-quality-hospitals/,solutions,configured,
/en/solutions/indoor-climate-audits/,/en/articles/indoor-climate-audits/,solutions,configured,
/en/solutions/indoor-climate-care-homes/,/en/articles/indoor-climate-care-homes/,solutions,configured,
/en/solutions/indoor-climate-home-offices/,/en/articles/indoor-climate-home-offices/,solutions,configured,
/en/solutions/indoor-climate-kindergartens/,/en/articles/indoor-climate-kindergartens/,solutions,configured,
/en/solutions/indoor-climate-nursing-homes/,/en/articles/indoor-climate-nursing-homes/,solutions,configured,
/en/solutions/indoor-climate-retail/,/en/articles/indoor-climate-retail/,solutions,configured,
/en/solutions/insurance-deductible-reduction/,/en/articles/insurance-deductible-reduction/,solutions,configured,
/en/solutions/insurance-documentation-museums/,/en/articles/insurance-documentation-museums/,solutions,configured,
/en/solutions/integration-azure-iot-hub/,/en/articles/integration-azure-iot-hub/,solutions,configured,
/en/solutions/integration-dalux/,/en/articles/integration-dalux/,solutions,configured,
/en/solutions/integration-google-calendar/,/en/articles/integration-google-calendar/,solutions,configured,
/en/solutions/integration-microsoft-teams/,/en/articles/integration-microsoft-teams/,solutions,configured,
/en/solutions/integration-niagara-tridium/,/en/articles/integration-niagara-tridium/,solutions,configured,
/en/solutions/integration-os2iot/,/en/articles/integration-os2iot/,solutions,configured,
/en/solutions/integration-power-bi/,/en/articles/integration-power-bi/,solutions,configured,
/en/solutions/integration-pronestor/,/en/articles/integration-pronestor/,solutions,configured,
/en/solutions/integration-schneider-ecostruxure/,/en/articles/integration-schneider-ecostruxure/,solutions,configured,
/en/solutions/integration-servicenow/,/en/articles/integration-servicenow/,solutions,configured,
/en/solutions/integration-siemens-desigo/,/en/articles/integration-siemens-desigo/,solutions,configured,
/en/solutions/integration-slack-alerts/,/en/articles/integration-slack-alerts/,solutions,configured,
/en/solutions/interpreting-iot-dashboards/,/en/articles/interpreting-iot-dashboards/,solutions,configured,
/en/solutions/iot-aquariums/,/en/articles/iot-aquariums/,solutions,configured,
/en/solutions/iot-bakeries/,/en/articles/iot-bakeries/,solutions,configured,
/en/solutions/iot-bowling-alleys/,/en/articles/iot-bowling-alleys/,solutions,configured,
/en/solutions/iot-breweries/,/en/articles/iot-breweries/,solutions,configured,
/en/solutions/iot-climbing-gyms/,/en/articles/iot-climbing-gyms/,solutions,configured,
/en/solutions/iot-concert-halls/,/en/articles/iot-concert-halls/,solutions,configured,
/en/solutions/iot-dental-offices/,/en/articles/iot-dental-offices/,solutions,configured,
/en/solutions/iot-driving-schools/,/en/articles/iot-driving-schools/,solutions,configured,
/en/solutions/iot-escape-rooms/,/en/articles/iot-escape-rooms/,solutions,configured,
/en/solutions/iot-fishery-ports/,/en/articles/iot-fishery-ports/,solutions,configured,
/en/solutions/iot-funeral-homes/,/en/articles/iot-funeral-homes/,solutions,configured,
/en/solutions/iot-greenhouses/,/en/articles/iot-greenhouses/,solutions,configured,
/en/solutions/iot-marinas/,/en/articles/iot-marinas/,solutions,configured,
/en/solutions/iot-music-rehearsal/,/en/articles/iot-music-rehearsal/,solutions,configured,
/en/solutions/iot-pharmacies/,/en/articles/iot-pharmacies/,solutions,configured,
/en/solutions/iot-procurement-guide/,/en/articles/iot-procurement-guide/,solutions,configured,
/en/solutions/iot-sensors-vs-manual-checks/,/en/articles/iot-sensors-vs-manual-checks/,solutions,configured,
/en/solutions/iot-sports-stadiums/,/en/articles/iot-sports-stadiums/,solutions,configured,
/en/solutions/iot-veterinary-clinics/,/en/articles/iot-veterinary-clinics/,solutions,configured,
/en/solutions/iot-wineries/,/en/articles/iot-wineries/,solutions,configured,
/en/solutions/iot-yoga-studios/,/en/articles/iot-yoga-studios/,solutions,configured,
/en/solutions/iot-zoos/,/en/articles/iot-zoos/,solutions,configured,
/en/solutions/iso-19650-bim-iot/,/en/articles/iso-19650-bim-iot/,solutions,configured,
/en/solutions/iso-27001-platform/,/en/articles/iso-27001-platform/,solutions,configured,
/en/solutions/kitchen-equipment-reporting/,/en/articles/kitchen-equipment-reporting/,solutions,configured,
/en/solutions/lab-incident-reporting/,/en/articles/lab-incident-reporting/,solutions,configured,
/en/solutions/leak-alarm-escalation-ladder/,/en/articles/leak-alarm-escalation-ladder/,solutions,configured,
/en/solutions/leak-sensors-for-basements-and-plant-rooms/,/en/articles/leak-sensors-for-basements-and-plant-rooms/,solutions,configured,
/en/solutions/leather-book-spine-humidity/,/en/articles/leather-book-spine-humidity/,solutions,configured,
/en/solutions/leed-indoor-air-quality/,/en/articles/leed-indoor-air-quality/,solutions,configured,
/en/solutions/library-book-preservation/,/en/articles/library-book-preservation/,solutions,configured,
/en/solutions/library-study-room-bookings/,/en/articles/library-study-room-bookings/,solutions,configured,
/en/solutions/lights-out-automation/,/en/articles/lights-out-automation/,solutions,configured,
/en/solutions/loaning-artefacts-travel-logger/,/en/articles/loaning-artefacts-travel-logger/,solutions,configured,
/en/solutions/locker-booking-corporate/,/en/articles/locker-booking-corporate/,solutions,configured,
/en/solutions/locker-occupancy-schools/,/en/articles/locker-occupancy-schools/,solutions,configured,
/en/solutions/lorawan-vs-nb-iot-rf-budget/,/en/articles/lorawan-vs-nb-iot-rf-budget/,solutions,configured,
/en/solutions/maintaining-iot-fleet/,/en/articles/maintaining-iot-fleet/,solutions,configured,
/en/solutions/manor-castle-climate-monitoring/,/en/articles/manor-castle-climate-monitoring/,solutions,configured,
/en/solutions/maps-floorplans-upload/,/en/articles/maps-floorplans-upload/,solutions,configured,
/en/solutions/marzipan-art-storage/,/en/articles/marzipan-art-storage/,solutions,configured,
/en/solutions/medicine-cabinet-compliance/,/en/articles/medicine-cabinet-compliance/,solutions,configured,
/en/solutions/meeting-room-booking-no-shows/,/en/articles/meeting-room-booking-no-shows/,solutions,configured,
/en/solutions/meeting-room-dashboards-tv/,/en/articles/meeting-room-dashboards-tv/,solutions,configured,
/en/solutions/meeting-room-right-sizing/,/en/articles/meeting-room-right-sizing/,solutions,configured,
/en/solutions/metal-corrosion-humidity/,/en/articles/metal-corrosion-humidity/,solutions,configured,
/en/solutions/meter-cabinet-monitoring/,/en/articles/meter-cabinet-monitoring/,solutions,configured,
/en/solutions/mobile-app-field-techs/,/en/articles/mobile-app-field-techs/,solutions,configured,
/en/solutions/mould-prevention-humidity/,/en/articles/mould-prevention-humidity/,solutions,configured,
/en/solutions/mqtt-integration/,/en/articles/mqtt-integration/,solutions,configured,
/en/solutions/multi-campus-space-benchmarking/,/en/articles/multi-campus-space-benchmarking/,solutions,configured,
/en/solutions/multi-tenant-access-control/,/en/articles/multi-tenant-access-control/,solutions,configured,
/en/solutions/municipality-rollout-playbook/,/en/articles/municipality-rollout-playbook/,solutions,configured,
/en/solutions/museum-pest-monitoring/,/en/articles/museum-pest-monitoring/,solutions,configured,
/en/solutions/museum-rollout-playbook/,/en/articles/museum-rollout-playbook/,solutions,configured,
/en/solutions/museum-storage-climate/,/en/articles/museum-storage-climate/,solutions,configured,
/en/solutions/nb-iot-adoption-nordics/,/en/articles/nb-iot-adoption-nordics/,solutions,configured,
/en/solutions/nfc-vs-lorawan-buttons/,/en/articles/nfc-vs-lorawan-buttons/,solutions,configured,
/en/solutions/night-setback-heating/,/en/articles/night-setback-heating/,solutions,configured,
/en/solutions/night-ventilation-strategies/,/en/articles/night-ventilation-strategies/,solutions,configured,
/en/solutions/nordic-museum-iot-adoption/,/en/articles/nordic-museum-iot-adoption/,solutions,configured,
/en/solutions/nurse-call-aware-cleaning/,/en/articles/nurse-call-aware-cleaning/,solutions,configured,
/en/solutions/occupancy-sensors-offices/,/en/articles/occupancy-sensors-offices/,solutions,configured,
/en/solutions/occupied-unoccupied-hvac/,/en/articles/occupied-unoccupied-hvac/,solutions,configured,
/en/solutions/office-density-planning/,/en/articles/office-density-planning/,solutions,configured,
/en/solutions/office-retrofit-rollout/,/en/articles/office-retrofit-rollout/,solutions,configured,
/en/solutions/oil-paintings-temperature-swings/,/en/articles/oil-paintings-temperature-swings/,solutions,configured,
/en/solutions/organ-hall-restoration/,/en/articles/organ-hall-restoration/,solutions,configured,
/en/solutions/organ-preservation/,/en/articles/organ-preservation/,solutions,configured,
/en/solutions/outdoor-area-cleaning-weather/,/en/articles/outdoor-area-cleaning-weather/,solutions,configured,
/en/solutions/palace-floor-conservation/,/en/articles/palace-floor-conservation/,solutions,configured,
/en/solutions/paper-artefact-storage/,/en/articles/paper-artefact-storage/,solutions,configured,
/en/solutions/parking-lot-sensors/,/en/articles/parking-lot-sensors/,solutions,configured,
/en/solutions/patient-feedback-buttons/,/en/articles/patient-feedback-buttons/,solutions,configured,
/en/solutions/pdf-export-template/,/en/articles/pdf-export-template/,solutions,configured,
/en/solutions/peak-load-shaving/,/en/articles/peak-load-shaving/,solutions,configured,
/en/solutions/pharmacy-medicine-storage/,/en/articles/pharmacy-medicine-storage/,solutions,configured,
/en/solutions/phone-booth-utilisation/,/en/articles/phone-booth-utilisation/,solutions,configured,
/en/solutions/photographic-collection-climate/,/en/articles/photographic-collection-climate/,solutions,configured,
/en/solutions/pilot-budget-planning/,/en/articles/pilot-budget-planning/,solutions,configured,
/en/solutions/pilot-to-production/,/en/articles/pilot-to-production/,solutions,configured,
/en/solutions/playground-usage-cleaning/,/en/articles/playground-usage-cleaning/,solutions,configured,
/en/solutions/plug-load-monitoring-offices/,/en/articles/plug-load-monitoring-offices/,solutions,configured,
/en/solutions/pollen-and-indoor-air/,/en/articles/pollen-and-indoor-air/,solutions,configured,
/en/solutions/power-bi-connector/,/en/articles/power-bi-connector/,solutions,configured,
/en/solutions/ppd-ppi-indoor-climate-metrics/,/en/articles/ppd-ppi-indoor-climate-metrics/,solutions,configured,
/en/solutions/ppm-thresholds-explained/,/en/articles/ppm-thresholds-explained/,solutions,configured,
/en/solutions/preservation-digitalisation/,/en/articles/preservation-digitalisation/,solutions,configured,
/en/solutions/preservation-roi-dioceses/,/en/articles/preservation-roi-dioceses/,solutions,configured,
/en/solutions/procurement-approval-checklist/,/en/articles/procurement-approval-checklist/,solutions,configured,
/en/solutions/proptech-2026-trends/,/en/articles/proptech-2026-trends/,solutions,configured,
/en/solutions/public-dashboards-kiosk/,/en/articles/public-dashboards-kiosk/,solutions,configured,
/en/solutions/pv-self-consumption/,/en/articles/pv-self-consumption/,solutions,configured,
/en/solutions/quiet-room-demand/,/en/articles/quiet-room-demand/,solutions,configured,
/en/solutions/radio-equipment-directive/,/en/articles/radio-equipment-directive/,solutions,configured,
/en/solutions/radon-measurement/,/en/articles/radon-measurement/,solutions,configured,
/en/solutions/reception-visitor-flow/,/en/articles/reception-visitor-flow/,solutions,configured,
/en/solutions/reporting-indoor-climate-to-boards/,/en/articles/reporting-indoor-climate-to-boards/,solutions,configured,
/en/solutions/residential-care-water-safety/,/en/articles/residential-care-water-safety/,solutions,configured,
/en/solutions/restocking-toilets-push-buttons/,/en/articles/restocking-toilets-push-buttons/,solutions,configured,
/en/solutions/restroom-floor-leak-detection/,/en/articles/restroom-floor-leak-detection/,solutions,configured,
/en/solutions/restroom-footfall-cleaning/,/en/articles/restroom-footfall-cleaning/,solutions,configured,
/en/solutions/retail-employee-call-button/,/en/articles/retail-employee-call-button/,solutions,configured,
/en/solutions/roi-brand-value-museums/,/en/articles/roi-brand-value-museums/,solutions,configured,
/en/solutions/roi-cleaning-fte-reduction/,/en/articles/roi-cleaning-fte-reduction/,solutions,configured,
/en/solutions/roi-dgnb-certification/,/en/articles/roi-dgnb-certification/,solutions,configured,
/en/solutions/roi-energy-retrofit-payback/,/en/articles/roi-energy-retrofit-payback/,solutions,configured,
/en/solutions/roi-hybrid-work-downsizing/,/en/articles/roi-hybrid-work-downsizing/,solutions,configured,
/en/solutions/roi-insurance-premium-reduction/,/en/articles/roi-insurance-premium-reduction/,solutions,configured,
/en/solutions/roi-preservation-insurance/,/en/articles/roi-preservation-insurance/,solutions,configured,
/en/solutions/roi-space-right-sizing/,/en/articles/roi-space-right-sizing/,solutions,configured,
/en/solutions/roi-tenant-satisfaction/,/en/articles/roi-tenant-satisfaction/,solutions,configured,
/en/solutions/roi-water-damage-avoided/,/en/articles/roi-water-damage-avoided/,solutions,configured,
/en/solutions/role-based-access-control/,/en/articles/role-based-access-control/,solutions,configured,
/en/solutions/rollout-in-varde-municipality/,/en/articles/rollout-in-varde-municipality/,solutions,configured,
/en/solutions/rollout-plan-portfolio/,/en/articles/rollout-plan-portfolio/,solutions,configured,
/en/solutions/roomalyzer-architecture/,/en/articles/roomalyzer-architecture/,solutions,configured,
/en/solutions/roomalyzer-vs-generic-iaq/,/en/articles/roomalyzer-vs-generic-iaq/,solutions,configured,
/en/solutions/school-rollout-checklist/,/en/articles/school-rollout-checklist/,solutions,configured,
/en/solutions/school-toilet-cleaning-schedule/,/en/articles/school-toilet-cleaning-schedule/,solutions,configured,
/en/solutions/scim-user-provisioning/,/en/articles/scim-user-provisioning/,solutions,configured,
/en/solutions/scoping-iot-pilot-project/,/en/articles/scoping-iot-pilot-project/,solutions,configured,
/en/solutions/seasonal-tuning-organ/,/en/articles/seasonal-tuning-organ/,solutions,configured,
/en/solutions/security-panic-buttons/,/en/articles/security-panic-buttons/,solutions,configured,
/en/solutions/sensor-placement-guide/,/en/articles/sensor-placement-guide/,solutions,configured,
/en/solutions/server-rack-door-sensors/,/en/articles/server-rack-door-sensors/,solutions,configured,
/en/solutions/setpoint-drift-detection/,/en/articles/setpoint-drift-detection/,solutions,configured,
/en/solutions/setpoint-tuning-algorithms/,/en/articles/setpoint-tuning-algorithms/,solutions,configured,
/en/solutions/sewer-backup-alarms/,/en/articles/sewer-backup-alarms/,solutions,configured,
/en/solutions/shuttle-bus-utilisation/,/en/articles/shuttle-bus-utilisation/,solutions,configured,
/en/solutions/silent-room-pir-sensors/,/en/articles/silent-room-pir-sensors/,solutions,configured,
/en/solutions/sprinkler-system-test-monitoring/,/en/articles/sprinkler-system-test-monitoring/,solutions,configured,
/en/solutions/sso-integration-azure-ad/,/en/articles/sso-integration-azure-ad/,solutions,configured,
/en/solutions/sso-okta-integration/,/en/articles/sso-okta-integration/,solutions,configured,
/en/solutions/stakeholder-buy-in/,/en/articles/stakeholder-buy-in/,solutions,configured,
/en/solutions/stone-monument-freeze-thaw/,/en/articles/stone-monument-freeze-thaw/,solutions,configured,
/en/solutions/storage-battery-scheduling/,/en/articles/storage-battery-scheduling/,solutions,configured,
/en/solutions/storm-water-basement-sensors/,/en/articles/storm-water-basement-sensors/,solutions,configured,
/en/solutions/summer-overheating-offices/,/en/articles/summer-overheating-offices/,solutions,configured,
/en/solutions/teacher-training-indoor-climate/,/en/articles/teacher-training-indoor-climate/,solutions,configured,
/en/solutions/temperature-control-open-offices/,/en/articles/temperature-control-open-offices/,solutions,configured,
/en/solutions/temperature-setpoints-energy-balance/,/en/articles/temperature-setpoints-energy-balance/,solutions,configured,
/en/solutions/textile-conservation-climate/,/en/articles/textile-conservation-climate/,solutions,configured,
/en/solutions/thermal-comfort-shared-offices/,/en/articles/thermal-comfort-shared-offices/,solutions,configured,
/en/solutions/total-cost-of-ownership/,/en/articles/total-cost-of-ownership/,solutions,configured,
/en/solutions/tourist-attraction-feedback/,/en/articles/tourist-attraction-feedback/,solutions,configured,
/en/solutions/tourist-visitor-impact-climate/,/en/articles/tourist-visitor-impact-climate/,solutions,configured,
/en/solutions/tv-dashboards-receptions/,/en/articles/tv-dashboards-receptions/,solutions,configured,
/en/solutions/under-sink-sensor-placement/,/en/articles/under-sink-sensor-placement/,solutions,configured,
/en/solutions/vault-monitoring-banks/,/en/articles/vault-monitoring-banks/,solutions,configured,
/en/solutions/vav-control-with-co2/,/en/articles/vav-control-with-co2/,solutions,configured,
/en/solutions/vendor-lock-in-avoidance/,/en/articles/vendor-lock-in-avoidance/,solutions,configured,
/en/solutions/ventilation-retrofit-guide/,/en/articles/ventilation-retrofit-guide/,solutions,configured,
/en/solutions/visitor-count-gallery-cleaning/,/en/articles/visitor-count-gallery-cleaning/,solutions,configured,
/en/solutions/voc-levels-in-offices/,/en/articles/voc-levels-in-offices/,solutions,configured,
/en/solutions/warehouse-picking-feedback/,/en/articles/warehouse-picking-feedback/,solutions,configured,
/en/solutions/washing-machine-leak-sensors/,/en/articles/washing-machine-leak-sensors/,solutions,configured,
/en/solutions/water-alarms-in-server-rooms/,/en/articles/water-alarms-in-server-rooms/,solutions,configured,
/en/solutions/water-damage-insurance-documentation/,/en/articles/water-damage-insurance-documentation/,solutions,configured,
/en/solutions/water-detection-stop-damage-before-it-spreads/,/en/articles/water-detection-stop-damage-before-it-spreads/,solutions,configured,
/en/solutions/webhooks-for-alarms/,/en/articles/webhooks-for-alarms/,solutions,configured,
/en/solutions/well-v2-indoor-air/,/en/articles/well-v2-indoor-air/,solutions,configured,
/en/solutions/when-to-ventilate/,/en/articles/when-to-ventilate/,solutions,configured,
/en/solutions/whisky-barrel-warehouse/,/en/articles/whisky-barrel-warehouse/,solutions,configured,
/en/solutions/white-label-dashboards/,/en/articles/white-label-dashboards/,solutions,configured,
/en/solutions/who-air-quality-guidelines/,/en/articles/who-air-quality-guidelines/,solutions,configured,
/en/solutions/window-cleaning-daylight-sensors/,/en/articles/window-cleaning-daylight-sensors/,solutions,configured,
/en/solutions/wine-cellar-humidity/,/en/articles/wine-cellar-humidity/,solutions,configured,
/en/solutions/winter-dryness-control/,/en/articles/winter-dryness-control/,solutions,configured,
/en/solutions/wooden-furniture-preservation/,/en/articles/wooden-furniture-preservation/,solutions,configured,
/en/solutions/workplace-assessment-indoor-climate/,/en/articles/workplace-assessment-indoor-climate/,solutions,configured,
/en/solutions/workplace-mix-ratio/,/en/articles/workplace-mix-ratio/,solutions,configured,
/epbd/,/da/artikler/,bare-path,configured,
/faa-et-tilbud/,/da/faa-et-tilbud/,bare-path,configured,
/funktioner/,/da/platform/,bare-path,configured,
/generelle-vilkaar/,/da/juridisk/betingelser/,bare-path,configured,
/hybrid-arbejdsplads/,/da/moduler/space-management/,bare-path,configured,
/hydbrid-arbejdsplads/,/da/moduler/space-management/,bare-path,configured,
/indeklima-i-kirker/,/da/brancher/kirker/,bare-path,configured,
/indeklima-maaler/,/da/sensorer/,bare-path,configured,
/indeklima-paa-kontor/,/da/brancher/kontorer/,bare-path,configured,
/indeklima-paa-uddannelsesinstitutioner/,/da/brancher/skoler/,bare-path,configured,
/indeklima/,/da/moduler/indeklima/,bare-path,configured,
/integrationer/,/da/integrationer/,bare-path,configured,
/job/,/da/om-os/karriere/,bare-path,configured,
/jobopslag/business-development-manager-tyskland/,/da/om-os/karriere/,bare-path,configured,
/klasselokaler-og-institutioner/,/da/brancher/skoler/,bare-path,configured,
/kontakt/,/da/kontakt/,bare-path,configured,
/l_kategori/use-cases/,/da/artikler/,bare-path,configured,
/luftfugtighed-i-kirker/,/da/brancher/kirker/,bare-path,configured,
/om-os/,/da/om-os/,bare-path,configured,
/omkostningsoptimering/,/da/roi/,bare-path,configured,
/partnere/,/da/om-os/partnere/,bare-path,configured,
/privacy-policy/,/da/juridisk/privatlivspolitik/,bare-path,configured,
/produktark/,/da/sensorer/produktark/,bare-path,configured,
/ret-titlen-her/,/da/,bare-path,configured,
/sensorer/,/da/sensorer/,bare-path,configured,
/sitemap/,/da/,bare-path,configured,
/space-management-i-moedelokaler/,/da/moduler/space-management/,bare-path,configured,
/space-management-ny/,/da/moduler/space-management/,bare-path,configured,
/space-management-og-booking-system/,/da/moduler/space-management/,bare-path,configured,
/space-management-software/,/da/moduler/space-management/,bare-path,configured,
/space-management/,/da/moduler/space-management/,bare-path,configured,
/sv/about/d-label/,/sv/om-oss/trust-center/,about,configured,
/sv/about/d-maerket/,/sv/om-oss/trust-center/,about,configured,
/sv/blog/,/sv/artiklar/,blog,configured,
/sv/blog/en-15757-in-practice/,/sv/artiklar/en-15757-in-practice/,blog,configured,
/sv/blog/rollout-in-varde-municipality/,/sv/artiklar/rollout-in-varde-municipality/,blog,configured,
/sv/blog/welcome-to-the-iot-fabrikken-blog/,/sv/artiklar/,blog,configured,
/sv/case-studies/data-skal-dimensionere-nyt-raadhus-rigtigt/,/sv/projekt/gribskov-municipality/,case-studies,configured,
/sv/case-studies/deutches-museum-nordschleswig/,/sv/projekt/deutsches-museum-nordschleswig/,case-studies,configured,
/sv/case-studies/erzdioezese-freiburg/,/sv/projekt/archdiocese-of-freiburg/,case-studies,configured,
/sv/case-studies/kommune-norddjurs/,/sv/projekt/norddjurs-municipality/,case-studies,configured,
/sv/case-studies/kommune-varde/,/sv/projekt/varde-municipality/,case-studies,configured,
/sv/case-studies/norddjurs-kommun/,/sv/projekt/norddjurs-municipality/,case-studies,configured,
/sv/case-studies/sweco-6/,/sv/projekt/sweco/,case-studies,configured,
/sv/case-studies/varde-kommun/,/sv/projekt/varde-municipality/,case-studies,configured,
/sv/case-studies/varde-kommune-3/,/sv/projekt/varde-municipality/,case-studies,configured,
/sv/case/archdiocese-of-freiburg/,/sv/projekt/archdiocese-of-freiburg/,legacy-case-singular,configured,
/sv/case/boligselskabet-sjaelland/,/sv/projekt/boligselskabet-sjaelland/,legacy-case-singular,configured,
/sv/case/dansk-industri/,/sv/projekt/dansk-industri/,legacy-case-singular,configured,
/sv/case/data-skal-dimensionere-nyt-raadhus-rigtigt/,/sv/projekt/gribskov-municipality/,legacy-case-singular,configured,
/sv/case/deutches-museum-nordschleswig/,/sv/projekt/deutsches-museum-nordschleswig/,legacy-case-singular,configured,
/sv/case/deutsches-museum-nordschleswig/,/sv/projekt/deutsches-museum-nordschleswig/,legacy-case-singular,configured,
/sv/case/erzdioezese-freiburg/,/sv/projekt/archdiocese-of-freiburg/,legacy-case-singular,configured,
/sv/case/evangelische-kirche-in-hessen-und-nassau/,/sv/projekt/evangelische-kirche-in-hessen-und-nassau/,legacy-case-singular,configured,
/sv/case/faaborg-museum/,/sv/projekt/faaborg-museum/,legacy-case-singular,configured,
/sv/case/gribskov-kommune/,/sv/projekt/gribskov-kommune/,legacy-case-singular,configured,
/sv/case/gribskov-municipality/,/sv/projekt/gribskov-municipality/,legacy-case-singular,configured,
/sv/case/hj-energi/,/sv/projekt/hj-energi/,legacy-case-singular,configured,
/sv/case/holbaek-kommune/,/sv/projekt/holbaek-kommune/,legacy-case-singular,configured,
/sv/case/kommune-norddjurs/,/sv/projekt/norddjurs-municipality/,legacy-case-singular,configured,
/sv/case/kommune-varde/,/sv/projekt/varde-municipality/,legacy-case-singular,configured,
/sv/case/norddjurs-kommun/,/sv/projekt/norddjurs-municipality/,legacy-case-singular,configured,
/sv/case/norddjurs-municipality/,/sv/projekt/norddjurs-municipality/,legacy-case-singular,configured,
/sv/case/rudersdal-museer/,/sv/projekt/rudersdal-museer/,legacy-case-singular,configured,
/sv/case/skade-teknik/,/sv/projekt/skade-teknik/,legacy-case-singular,configured,
/sv/case/solroed-kommune/,/sv/projekt/solroed-kommune/,legacy-case-singular,configured,
/sv/case/sweco-6/,/sv/projekt/sweco/,legacy-case-singular,configured,
/sv/case/sweco/,/sv/projekt/sweco/,legacy-case-singular,configured,
/sv/case/varde-kommun/,/sv/projekt/varde-municipality/,legacy-case-singular,configured,
/sv/case/varde-kommune-3/,/sv/projekt/varde-municipality/,legacy-case-singular,configured,
/sv/case/varde-municipality/,/sv/projekt/varde-municipality/,legacy-case-singular,configured,
/sv/case/vejen-kommune/,/sv/projekt/vejen-kommune/,legacy-case-singular,configured,
/sv/case/zealand-erhvervsakademi/,/sv/projekt/zealand-erhvervsakademi/,legacy-case-singular,configured,
/sv/cases/,/sv/projekt/,case-studies,configured,
/sv/events/archivistica/,/sv/evenemang/,events,configured,
/sv/events/dhbv-verbandstag-2026/,/sv/evenemang/,events,configured,
/sv/events/mutec-2026/,/sv/evenemang/,events,configured,
/sv/library/,/sv/artiklar/,library,configured,
/sv/library/after-hours-door-alarms/,/sv/artiklar/after-hours-door-alarms/,library,configured,
/sv/library/ai-in-facility-management/,/sv/artiklar/ai-in-facility-management/,library,configured,
/sv/library/air-quality-auditoriums/,/sv/artiklar/air-quality-auditoriums/,library,configured,
/sv/library/air-quality-libraries/,/sv/artiklar/air-quality-libraries/,library,configured,
/sv/library/air-quality-sports-halls/,/sv/artiklar/air-quality-sports-halls/,library,configured,
/sv/library/air-quality-trends-over-seasons/,/sv/artiklar/air-quality-trends-over-seasons/,library,configured,
/sv/library/airport-restroom-cleaning-sla/,/sv/artiklar/airport-restroom-cleaning-sla/,library,configured,
/sv/library/alarm-escalation-chains/,/sv/artiklar/alarm-escalation-chains/,library,configured,
/sv/library/alarms-for-indoor-climate/,/sv/artiklar/alarms-for-indoor-climate/,library,configured,
/sv/library/altar-pieces-humidity/,/sv/artiklar/altar-pieces-humidity/,library,configured,
/sv/library/api-authentication-oauth/,/sv/artiklar/api-authentication-oauth/,library,configured,
/sv/library/api-rate-limits/,/sv/artiklar/api-rate-limits/,library,configured,
/sv/library/archive-retrofit-rollout/,/sv/artiklar/archive-retrofit-rollout/,library,configured,
/sv/library/archive-temperature-control/,/sv/artiklar/archive-temperature-control/,library,configured,
/sv/library/art-storage-vault-access/,/sv/artiklar/art-storage-vault-access/,library,configured,
/sv/library/ashrae-62-1-guidance/,/sv/artiklar/ashrae-62-1-guidance/,library,configured,
/sv/library/audit-logs-for-admins/,/sv/artiklar/audit-logs-for-admins/,library,configured,
/sv/library/battery-lifetime-tuning/,/sv/artiklar/battery-lifetime-tuning/,library,configured,
/sv/library/behavioural-energy-savings/,/sv/artiklar/behavioural-energy-savings/,library,configured,
/sv/library/bike-rack-occupancy/,/sv/artiklar/bike-rack-occupancy/,library,configured,
/sv/library/bike-storage-door-status/,/sv/artiklar/bike-storage-door-status/,library,configured,
/sv/library/boiler-cycling-analytics/,/sv/artiklar/boiler-cycling-analytics/,library,configured,
/sv/library/boiler-room-flood-sensors/,/sv/artiklar/boiler-room-flood-sensors/,library,configured,
/sv/library/bookable-zones-dynamic-pricing/,/sv/artiklar/bookable-zones-dynamic-pricing/,library,configured,
/sv/library/br18-indoor-climate/,/sv/artiklar/br18-indoor-climate/,library,configured,
/sv/library/break-room-usage/,/sv/artiklar/break-room-usage/,library,configured,
/sv/library/building-iot-business-case/,/sv/artiklar/building-iot-business-case/,library,configured,
/sv/library/button-battery-lifetime/,/sv/artiklar/button-battery-lifetime/,library,configured,
/sv/library/button-heatmap-analysis/,/sv/artiklar/button-heatmap-analysis/,library,configured,
/sv/library/cafeteria-peak-hours/,/sv/artiklar/cafeteria-peak-hours/,library,configured,
/sv/library/calibration-intervals-explained/,/sv/artiklar/calibration-intervals-explained/,library,configured,
/sv/library/canteen-capacity-planning/,/sv/artiklar/canteen-capacity-planning/,library,configured,
/sv/library/canteen-cleaning-triggers/,/sv/artiklar/canteen-cleaning-triggers/,library,configured,
/sv/library/ce-marking-iot-devices/,/sv/artiklar/ce-marking-iot-devices/,library,configured,
/sv/library/chapel-climate-sensors/,/sv/artiklar/chapel-climate-sensors/,library,configured,
/sv/library/chemical-cabinet-audit-trail/,/sv/artiklar/chemical-cabinet-audit-trail/,library,configured,
/sv/library/chilled-beam-condensation/,/sv/artiklar/chilled-beam-condensation/,library,configured,
/sv/library/choosing-sensor-placement/,/sv/artiklar/choosing-sensor-placement/,library,configured,
/sv/library/church-interior-rh-bands/,/sv/artiklar/church-interior-rh-bands/,library,configured,
/sv/library/classroom-feedback-teachers/,/sv/artiklar/classroom-feedback-teachers/,library,configured,
/sv/library/classroom-timetable-vs-usage/,/sv/artiklar/classroom-timetable-vs-usage/,library,configured,
/sv/library/classroom-ventilation-checklist/,/sv/artiklar/classroom-ventilation-checklist/,library,configured,
/sv/library/cleaning-chemicals-voc/,/sv/artiklar/cleaning-chemicals-voc/,library,configured,
/sv/library/cleaning-cupboard-audit/,/sv/artiklar/cleaning-cupboard-audit/,library,configured,
/sv/library/cleaning-request-buttons-restrooms/,/sv/artiklar/cleaning-request-buttons-restrooms/,library,configured,
/sv/library/cleaning-robot-orchestration/,/sv/artiklar/cleaning-robot-orchestration/,library,configured,
/sv/library/cleaning-sla-via-buttons/,/sv/artiklar/cleaning-sla-via-buttons/,library,configured,
/sv/library/cleaning-team-onboarding/,/sv/artiklar/cleaning-team-onboarding/,library,configured,
/sv/library/climate-control-vestries/,/sv/artiklar/climate-control-vestries/,library,configured,
/sv/library/co-working-end-of-day-cleaning/,/sv/artiklar/co-working-end-of-day-cleaning/,library,configured,
/sv/library/co2-based-hvac-demand-control/,/sv/artiklar/co2-based-hvac-demand-control/,library,configured,
/sv/library/co2-in-meeting-rooms/,/sv/artiklar/co2-in-meeting-rooms/,library,configured,
/sv/library/co2-monitoring-in-schools/,/sv/artiklar/co2-monitoring-in-schools/,library,configured,
/sv/library/cold-storage-door-open-alarms/,/sv/artiklar/cold-storage-door-open-alarms/,library,configured,
/sv/library/comfort-complaints-data-driven/,/sv/artiklar/comfort-complaints-data-driven/,library,configured,
/sv/library/conference-centre-utilisation/,/sv/artiklar/conference-centre-utilisation/,library,configured,
/sv/library/conference-room-issue-reporting/,/sv/artiklar/conference-room-issue-reporting/,library,configured,
/sv/library/cooking-fumes-kitchens/,/sv/artiklar/cooking-fumes-kitchens/,library,configured,
/sv/library/covid-era-density-legacy/,/sv/artiklar/covid-era-density-legacy/,library,configured,
/sv/library/coworking-day-pass-demand/,/sv/artiklar/coworking-day-pass-demand/,library,configured,
/sv/library/coworking-space-optimisation/,/sv/artiklar/coworking-space-optimisation/,library,configured,
/sv/library/crawl-space-humidity-alarms/,/sv/artiklar/crawl-space-humidity-alarms/,library,configured,
/sv/library/crypt-climate-monitoring/,/sv/artiklar/crypt-climate-monitoring/,library,configured,
/sv/library/csrd-scope-1-2-3-data/,/sv/artiklar/csrd-scope-1-2-3-data/,library,configured,
/sv/library/custom-reports-builder/,/sv/artiklar/custom-reports-builder/,library,configured,
/sv/library/daily-cycles-church-climate/,/sv/artiklar/daily-cycles-church-climate/,library,configured,
/sv/library/danish-work-environment-act/,/sv/artiklar/danish-work-environment-act/,library,configured,
/sv/library/data-literacy-facility-managers/,/sv/artiklar/data-literacy-facility-managers/,library,configured,
/sv/library/data-residency-eu/,/sv/artiklar/data-residency-eu/,library,configured,
/sv/library/data-retention-policies/,/sv/artiklar/data-retention-policies/,library,configured,
/sv/library/datacentre-high-availability/,/sv/artiklar/datacentre-high-availability/,library,configured,
/sv/library/delivery-door-temperature/,/sv/artiklar/delivery-door-temperature/,library,configured,
/sv/library/demand-based-cleaning-offices/,/sv/artiklar/demand-based-cleaning-offices/,library,configured,
/sv/library/deployment-timeline-expectations/,/sv/artiklar/deployment-timeline-expectations/,library,configured,
/sv/library/desk-sharing-utilisation/,/sv/artiklar/desk-sharing-utilisation/,library,configured,
/sv/library/dgnb-hvb-score/,/sv/artiklar/dgnb-hvb-score/,library,configured,
/sv/library/dgnb-preservation-documentation/,/sv/artiklar/dgnb-preservation-documentation/,library,configured,
/sv/library/digital-twins-smart-buildings/,/sv/artiklar/digital-twins-smart-buildings/,library,configured,
/sv/library/diocese-onboarding-preservation/,/sv/artiklar/diocese-onboarding-preservation/,library,configured,
/sv/library/dishwasher-overflow-detection/,/sv/artiklar/dishwasher-overflow-detection/,library,configured,
/sv/library/dispenser-refill-signals/,/sv/artiklar/dispenser-refill-signals/,library,configured,
/sv/library/district-heating-optimisation/,/sv/artiklar/district-heating-optimisation/,library,configured,
/sv/library/dust-particles-pm25/,/sv/artiklar/dust-particles-pm25/,library,configured,
/sv/library/dynamic-cleaning-prioritisation/,/sv/artiklar/dynamic-cleaning-prioritisation/,library,configured,
/sv/library/en-15251-historical/,/sv/artiklar/en-15251-historical/,library,configured,
/sv/library/en-15757-explained/,/sv/artiklar/en-15757-explained/,library,configured,
/sv/library/en-15757-in-practice/,/sv/artiklar/en-15757-in-practice/,library,configured,
/sv/library/en-15757-preservation/,/sv/artiklar/en-15757-preservation/,library,configured,
/sv/library/en-16798-explained/,/sv/artiklar/en-16798-explained/,library,configured,
/sv/library/energy-benchmarks-offices/,/sv/artiklar/energy-benchmarks-offices/,library,configured,
/sv/library/energy-benchmarks-schools/,/sv/artiklar/energy-benchmarks-schools/,library,configured,
/sv/library/energy-rating-brf-homes/,/sv/artiklar/energy-rating-brf-homes/,library,configured,
/sv/library/energy-waste-anomalies/,/sv/artiklar/energy-waste-anomalies/,library,configured,
/sv/library/equipment-cabinet-access-logs/,/sv/artiklar/equipment-cabinet-access-logs/,library,configured,
/sv/library/esg-reporting-buildings/,/sv/artiklar/esg-reporting-buildings/,library,configured,
/sv/library/esg-reporting-mandates/,/sv/artiklar/esg-reporting-mandates/,library,configured,
/sv/library/eu-ecodesign-directive/,/sv/artiklar/eu-ecodesign-directive/,library,configured,
/sv/library/facility-issue-escalation/,/sv/artiklar/facility-issue-escalation/,library,configured,
/sv/library/fan-coil-unit-leak-detection/,/sv/artiklar/fan-coil-unit-leak-detection/,library,configured,
/sv/library/film-archive-cold-storage/,/sv/artiklar/film-archive-cold-storage/,library,configured,
/sv/library/fire-door-open-too-long/,/sv/artiklar/fire-door-open-too-long/,library,configured,
/sv/library/flat-roof-leak-monitoring/,/sv/artiklar/flat-roof-leak-monitoring/,library,configured,
/sv/library/floor-occupancy-heatmaps/,/sv/artiklar/floor-occupancy-heatmaps/,library,configured,
/sv/library/frost-damage-pipes-alarm/,/sv/artiklar/frost-damage-pipes-alarm/,library,configured,
/sv/library/gamifying-classroom-ventilation/,/sv/artiklar/gamifying-classroom-ventilation/,library,configured,
/sv/library/gateway-redundancy-patterns/,/sv/artiklar/gateway-redundancy-patterns/,library,configured,
/sv/library/gdpr-data-processing/,/sv/artiklar/gdpr-data-processing/,library,configured,
/sv/library/gdpr-sensor-data/,/sv/artiklar/gdpr-sensor-data/,library,configured,
/sv/library/generative-ai-facility-mgmt/,/sv/artiklar/generative-ai-facility-mgmt/,library,configured,
/sv/library/getting-started-iot-buildings/,/sv/artiklar/getting-started-iot-buildings/,library,configured,
/sv/library/green-lease-iot-data/,/sv/artiklar/green-lease-iot-data/,library,configured,
/sv/library/greenhouse-orchid-culture/,/sv/artiklar/greenhouse-orchid-culture/,library,configured,
/sv/library/gutter-overflow-detection/,/sv/artiklar/gutter-overflow-detection/,library,configured,
/sv/library/gym-capacity-monitoring/,/sv/artiklar/gym-capacity-monitoring/,library,configured,
/sv/library/gym-equipment-wipe-downs/,/sv/artiklar/gym-equipment-wipe-downs/,library,configured,
/sv/library/gym-locker-turnover/,/sv/artiklar/gym-locker-turnover/,library,configured,
/sv/library/handyman-callout-buttons/,/sv/artiklar/handyman-callout-buttons/,library,configured,
/sv/library/heat-loss-windows-climate/,/sv/artiklar/heat-loss-windows-climate/,library,configured,
/sv/library/heat-recovery-effectiveness/,/sv/artiklar/heat-recovery-effectiveness/,library,configured,
/sv/library/historic-building-leak-risks/,/sv/artiklar/historic-building-leak-risks/,library,configured,
/sv/library/historic-window-condensation/,/sv/artiklar/historic-window-condensation/,library,configured,
/sv/library/hospital-staff-locker-monitoring/,/sv/artiklar/hospital-staff-locker-monitoring/,library,configured,
/sv/library/hospital-terminal-cleaning/,/sv/artiklar/hospital-terminal-cleaning/,library,configured,
/sv/library/hospital-ward-rollout/,/sv/artiklar/hospital-ward-rollout/,library,configured,
/sv/library/hot-desking-data/,/sv/artiklar/hot-desking-data/,library,configured,
/sv/library/hotel-bathroom-leak-detection/,/sv/artiklar/hotel-bathroom-leak-detection/,library,configured,
/sv/library/hotel-room-cleaning-pirs/,/sv/artiklar/hotel-room-cleaning-pirs/,library,configured,
/sv/library/hotel-room-service-buttons/,/sv/artiklar/hotel-room-service-buttons/,library,configured,
/sv/library/how-to-write-iot-rfp/,/sv/artiklar/how-to-write-iot-rfp/,library,configured,
/sv/library/humidifier-dehumidifier-automation/,/sv/artiklar/humidifier-dehumidifier-automation/,library,configured,
/sv/library/humidity-hospital-wards/,/sv/artiklar/humidity-hospital-wards/,library,configured,
/sv/library/humidity-in-churches/,/sv/artiklar/humidity-in-churches/,library,configured,
/sv/library/humidity-management-classrooms/,/sv/artiklar/humidity-management-classrooms/,library,configured,
/sv/library/hvac-failure-alerts-archives/,/sv/artiklar/hvac-failure-alerts-archives/,library,configured,
/sv/library/hybrid-work-data-trends/,/sv/artiklar/hybrid-work-data-trends/,library,configured,
/sv/library/hybrid-work-patterns/,/sv/artiklar/hybrid-work-patterns/,library,configured,
/sv/library/iaq-dashboards-for-facility-managers/,/sv/artiklar/iaq-dashboards-for-facility-managers/,library,configured,
/sv/library/ice-machine-leak-detection/,/sv/artiklar/ice-machine-leak-detection/,library,configured,
/sv/library/iconostasis-climate/,/sv/artiklar/iconostasis-climate/,library,configured,
/sv/library/incident-response-sla/,/sv/artiklar/incident-response-sla/,library,configured,
/sv/library/indoor-air-quality-hospitals/,/sv/artiklar/indoor-air-quality-hospitals/,library,configured,
/sv/library/indoor-climate-audits/,/sv/artiklar/indoor-climate-audits/,library,configured,
/sv/library/indoor-climate-care-homes/,/sv/artiklar/indoor-climate-care-homes/,library,configured,
/sv/library/indoor-climate-home-offices/,/sv/artiklar/indoor-climate-home-offices/,library,configured,
/sv/library/indoor-climate-kindergartens/,/sv/artiklar/indoor-climate-kindergartens/,library,configured,
/sv/library/indoor-climate-nursing-homes/,/sv/artiklar/indoor-climate-nursing-homes/,library,configured,
/sv/library/indoor-climate-retail/,/sv/artiklar/indoor-climate-retail/,library,configured,
/sv/library/insurance-deductible-reduction/,/sv/artiklar/insurance-deductible-reduction/,library,configured,
/sv/library/insurance-documentation-museums/,/sv/artiklar/insurance-documentation-museums/,library,configured,
/sv/library/integration-azure-iot-hub/,/sv/artiklar/integration-azure-iot-hub/,library,configured,
/sv/library/integration-dalux/,/sv/artiklar/integration-dalux/,library,configured,
/sv/library/integration-google-calendar/,/sv/artiklar/integration-google-calendar/,library,configured,
/sv/library/integration-microsoft-teams/,/sv/artiklar/integration-microsoft-teams/,library,configured,
/sv/library/integration-niagara-tridium/,/sv/artiklar/integration-niagara-tridium/,library,configured,
/sv/library/integration-os2iot/,/sv/artiklar/integration-os2iot/,library,configured,
/sv/library/integration-power-bi/,/sv/artiklar/integration-power-bi/,library,configured,
/sv/library/integration-pronestor/,/sv/artiklar/integration-pronestor/,library,configured,
/sv/library/integration-schneider-ecostruxure/,/sv/artiklar/integration-schneider-ecostruxure/,library,configured,
/sv/library/integration-servicenow/,/sv/artiklar/integration-servicenow/,library,configured,
/sv/library/integration-siemens-desigo/,/sv/artiklar/integration-siemens-desigo/,library,configured,
/sv/library/integration-slack-alerts/,/sv/artiklar/integration-slack-alerts/,library,configured,
/sv/library/interpreting-iot-dashboards/,/sv/artiklar/interpreting-iot-dashboards/,library,configured,
/sv/library/iot-aquariums/,/sv/artiklar/iot-aquariums/,library,configured,
/sv/library/iot-bakeries/,/sv/artiklar/iot-bakeries/,library,configured,
/sv/library/iot-bowling-alleys/,/sv/artiklar/iot-bowling-alleys/,library,configured,
/sv/library/iot-breweries/,/sv/artiklar/iot-breweries/,library,configured,
/sv/library/iot-climbing-gyms/,/sv/artiklar/iot-climbing-gyms/,library,configured,
/sv/library/iot-concert-halls/,/sv/artiklar/iot-concert-halls/,library,configured,
/sv/library/iot-dental-offices/,/sv/artiklar/iot-dental-offices/,library,configured,
/sv/library/iot-driving-schools/,/sv/artiklar/iot-driving-schools/,library,configured,
/sv/library/iot-escape-rooms/,/sv/artiklar/iot-escape-rooms/,library,configured,
/sv/library/iot-fishery-ports/,/sv/artiklar/iot-fishery-ports/,library,configured,
/sv/library/iot-funeral-homes/,/sv/artiklar/iot-funeral-homes/,library,configured,
/sv/library/iot-greenhouses/,/sv/artiklar/iot-greenhouses/,library,configured,
/sv/library/iot-marinas/,/sv/artiklar/iot-marinas/,library,configured,
/sv/library/iot-music-rehearsal/,/sv/artiklar/iot-music-rehearsal/,library,configured,
/sv/library/iot-pharmacies/,/sv/artiklar/iot-pharmacies/,library,configured,
/sv/library/iot-procurement-guide/,/sv/artiklar/iot-procurement-guide/,library,configured,
/sv/library/iot-sensors-vs-manual-checks/,/sv/artiklar/iot-sensors-vs-manual-checks/,library,configured,
/sv/library/iot-sports-stadiums/,/sv/artiklar/iot-sports-stadiums/,library,configured,
/sv/library/iot-veterinary-clinics/,/sv/artiklar/iot-veterinary-clinics/,library,configured,
/sv/library/iot-wineries/,/sv/artiklar/iot-wineries/,library,configured,
/sv/library/iot-yoga-studios/,/sv/artiklar/iot-yoga-studios/,library,configured,
/sv/library/iot-zoos/,/sv/artiklar/iot-zoos/,library,configured,
/sv/library/iso-19650-bim-iot/,/sv/artiklar/iso-19650-bim-iot/,library,configured,
/sv/library/iso-27001-platform/,/sv/artiklar/iso-27001-platform/,library,configured,
/sv/library/kitchen-equipment-reporting/,/sv/artiklar/kitchen-equipment-reporting/,library,configured,
/sv/library/lab-incident-reporting/,/sv/artiklar/lab-incident-reporting/,library,configured,
/sv/library/leak-alarm-escalation-ladder/,/sv/artiklar/leak-alarm-escalation-ladder/,library,configured,
/sv/library/leak-sensors-for-basements-and-plant-rooms/,/sv/artiklar/leak-sensors-for-basements-and-plant-rooms/,library,configured,
/sv/library/leather-book-spine-humidity/,/sv/artiklar/leather-book-spine-humidity/,library,configured,
/sv/library/leed-indoor-air-quality/,/sv/artiklar/leed-indoor-air-quality/,library,configured,
/sv/library/library-book-preservation/,/sv/artiklar/library-book-preservation/,library,configured,
/sv/library/library-study-room-bookings/,/sv/artiklar/library-study-room-bookings/,library,configured,
/sv/library/lights-out-automation/,/sv/artiklar/lights-out-automation/,library,configured,
/sv/library/loaning-artefacts-travel-logger/,/sv/artiklar/loaning-artefacts-travel-logger/,library,configured,
/sv/library/locker-booking-corporate/,/sv/artiklar/locker-booking-corporate/,library,configured,
/sv/library/locker-occupancy-schools/,/sv/artiklar/locker-occupancy-schools/,library,configured,
/sv/library/lorawan-vs-nb-iot-rf-budget/,/sv/artiklar/lorawan-vs-nb-iot-rf-budget/,library,configured,
/sv/library/maintaining-iot-fleet/,/sv/artiklar/maintaining-iot-fleet/,library,configured,
/sv/library/manor-castle-climate-monitoring/,/sv/artiklar/manor-castle-climate-monitoring/,library,configured,
/sv/library/maps-floorplans-upload/,/sv/artiklar/maps-floorplans-upload/,library,configured,
/sv/library/marzipan-art-storage/,/sv/artiklar/marzipan-art-storage/,library,configured,
/sv/library/medicine-cabinet-compliance/,/sv/artiklar/medicine-cabinet-compliance/,library,configured,
/sv/library/meeting-room-booking-no-shows/,/sv/artiklar/meeting-room-booking-no-shows/,library,configured,
/sv/library/meeting-room-dashboards-tv/,/sv/artiklar/meeting-room-dashboards-tv/,library,configured,
/sv/library/meeting-room-right-sizing/,/sv/artiklar/meeting-room-right-sizing/,library,configured,
/sv/library/metal-corrosion-humidity/,/sv/artiklar/metal-corrosion-humidity/,library,configured,
/sv/library/meter-cabinet-monitoring/,/sv/artiklar/meter-cabinet-monitoring/,library,configured,
/sv/library/mobile-app-field-techs/,/sv/artiklar/mobile-app-field-techs/,library,configured,
/sv/library/mould-prevention-humidity/,/sv/artiklar/mould-prevention-humidity/,library,configured,
/sv/library/mqtt-integration/,/sv/artiklar/mqtt-integration/,library,configured,
/sv/library/multi-campus-space-benchmarking/,/sv/artiklar/multi-campus-space-benchmarking/,library,configured,
/sv/library/multi-tenant-access-control/,/sv/artiklar/multi-tenant-access-control/,library,configured,
/sv/library/municipality-rollout-playbook/,/sv/artiklar/municipality-rollout-playbook/,library,configured,
/sv/library/museum-pest-monitoring/,/sv/artiklar/museum-pest-monitoring/,library,configured,
/sv/library/museum-rollout-playbook/,/sv/artiklar/museum-rollout-playbook/,library,configured,
/sv/library/museum-storage-climate/,/sv/artiklar/museum-storage-climate/,library,configured,
/sv/library/nb-iot-adoption-nordics/,/sv/artiklar/nb-iot-adoption-nordics/,library,configured,
/sv/library/nfc-vs-lorawan-buttons/,/sv/artiklar/nfc-vs-lorawan-buttons/,library,configured,
/sv/library/night-setback-heating/,/sv/artiklar/night-setback-heating/,library,configured,
/sv/library/night-ventilation-strategies/,/sv/artiklar/night-ventilation-strategies/,library,configured,
/sv/library/nordic-museum-iot-adoption/,/sv/artiklar/nordic-museum-iot-adoption/,library,configured,
/sv/library/nurse-call-aware-cleaning/,/sv/artiklar/nurse-call-aware-cleaning/,library,configured,
/sv/library/occupancy-sensors-offices/,/sv/artiklar/occupancy-sensors-offices/,library,configured,
/sv/library/occupied-unoccupied-hvac/,/sv/artiklar/occupied-unoccupied-hvac/,library,configured,
/sv/library/office-density-planning/,/sv/artiklar/office-density-planning/,library,configured,
/sv/library/office-retrofit-rollout/,/sv/artiklar/office-retrofit-rollout/,library,configured,
/sv/library/oil-paintings-temperature-swings/,/sv/artiklar/oil-paintings-temperature-swings/,library,configured,
/sv/library/organ-hall-restoration/,/sv/artiklar/organ-hall-restoration/,library,configured,
/sv/library/organ-preservation/,/sv/artiklar/organ-preservation/,library,configured,
/sv/library/outdoor-area-cleaning-weather/,/sv/artiklar/outdoor-area-cleaning-weather/,library,configured,
/sv/library/palace-floor-conservation/,/sv/artiklar/palace-floor-conservation/,library,configured,
/sv/library/paper-artefact-storage/,/sv/artiklar/paper-artefact-storage/,library,configured,
/sv/library/parking-lot-sensors/,/sv/artiklar/parking-lot-sensors/,library,configured,
/sv/library/patient-feedback-buttons/,/sv/artiklar/patient-feedback-buttons/,library,configured,
/sv/library/pdf-export-template/,/sv/artiklar/pdf-export-template/,library,configured,
/sv/library/peak-load-shaving/,/sv/artiklar/peak-load-shaving/,library,configured,
/sv/library/pharmacy-medicine-storage/,/sv/artiklar/pharmacy-medicine-storage/,library,configured,
/sv/library/phone-booth-utilisation/,/sv/artiklar/phone-booth-utilisation/,library,configured,
/sv/library/photographic-collection-climate/,/sv/artiklar/photographic-collection-climate/,library,configured,
/sv/library/pilot-budget-planning/,/sv/artiklar/pilot-budget-planning/,library,configured,
/sv/library/pilot-to-production/,/sv/artiklar/pilot-to-production/,library,configured,
/sv/library/playground-usage-cleaning/,/sv/artiklar/playground-usage-cleaning/,library,configured,
/sv/library/plug-load-monitoring-offices/,/sv/artiklar/plug-load-monitoring-offices/,library,configured,
/sv/library/pollen-and-indoor-air/,/sv/artiklar/pollen-and-indoor-air/,library,configured,
/sv/library/power-bi-connector/,/sv/artiklar/power-bi-connector/,library,configured,
/sv/library/ppd-ppi-indoor-climate-metrics/,/sv/artiklar/ppd-ppi-indoor-climate-metrics/,library,configured,
/sv/library/ppm-thresholds-explained/,/sv/artiklar/ppm-thresholds-explained/,library,configured,
/sv/library/preservation-digitalisation/,/sv/artiklar/preservation-digitalisation/,library,configured,
/sv/library/preservation-roi-dioceses/,/sv/artiklar/preservation-roi-dioceses/,library,configured,
/sv/library/procurement-approval-checklist/,/sv/artiklar/procurement-approval-checklist/,library,configured,
/sv/library/proptech-2026-trends/,/sv/artiklar/proptech-2026-trends/,library,configured,
/sv/library/public-dashboards-kiosk/,/sv/artiklar/public-dashboards-kiosk/,library,configured,
/sv/library/pv-self-consumption/,/sv/artiklar/pv-self-consumption/,library,configured,
/sv/library/quiet-room-demand/,/sv/artiklar/quiet-room-demand/,library,configured,
/sv/library/radio-equipment-directive/,/sv/artiklar/radio-equipment-directive/,library,configured,
/sv/library/radon-measurement/,/sv/artiklar/radon-measurement/,library,configured,
/sv/library/reception-visitor-flow/,/sv/artiklar/reception-visitor-flow/,library,configured,
/sv/library/reporting-indoor-climate-to-boards/,/sv/artiklar/reporting-indoor-climate-to-boards/,library,configured,
/sv/library/residential-care-water-safety/,/sv/artiklar/residential-care-water-safety/,library,configured,
/sv/library/restocking-toilets-push-buttons/,/sv/artiklar/restocking-toilets-push-buttons/,library,configured,
/sv/library/restroom-floor-leak-detection/,/sv/artiklar/restroom-floor-leak-detection/,library,configured,
/sv/library/restroom-footfall-cleaning/,/sv/artiklar/restroom-footfall-cleaning/,library,configured,
/sv/library/retail-employee-call-button/,/sv/artiklar/retail-employee-call-button/,library,configured,
/sv/library/roi-brand-value-museums/,/sv/artiklar/roi-brand-value-museums/,library,configured,
/sv/library/roi-cleaning-fte-reduction/,/sv/artiklar/roi-cleaning-fte-reduction/,library,configured,
/sv/library/roi-dgnb-certification/,/sv/artiklar/roi-dgnb-certification/,library,configured,
/sv/library/roi-energy-retrofit-payback/,/sv/artiklar/roi-energy-retrofit-payback/,library,configured,
/sv/library/roi-hybrid-work-downsizing/,/sv/artiklar/roi-hybrid-work-downsizing/,library,configured,
/sv/library/roi-insurance-premium-reduction/,/sv/artiklar/roi-insurance-premium-reduction/,library,configured,
/sv/library/roi-preservation-insurance/,/sv/artiklar/roi-preservation-insurance/,library,configured,
/sv/library/roi-space-right-sizing/,/sv/artiklar/roi-space-right-sizing/,library,configured,
/sv/library/roi-tenant-satisfaction/,/sv/artiklar/roi-tenant-satisfaction/,library,configured,
/sv/library/roi-water-damage-avoided/,/sv/artiklar/roi-water-damage-avoided/,library,configured,
/sv/library/role-based-access-control/,/sv/artiklar/role-based-access-control/,library,configured,
/sv/library/rollout-in-varde-municipality/,/sv/artiklar/rollout-in-varde-municipality/,library,configured,
/sv/library/rollout-plan-portfolio/,/sv/artiklar/rollout-plan-portfolio/,library,configured,
/sv/library/roomalyzer-architecture/,/sv/artiklar/roomalyzer-architecture/,library,configured,
/sv/library/roomalyzer-vs-generic-iaq/,/sv/artiklar/roomalyzer-vs-generic-iaq/,library,configured,
/sv/library/school-rollout-checklist/,/sv/artiklar/school-rollout-checklist/,library,configured,
/sv/library/school-toilet-cleaning-schedule/,/sv/artiklar/school-toilet-cleaning-schedule/,library,configured,
/sv/library/scim-user-provisioning/,/sv/artiklar/scim-user-provisioning/,library,configured,
/sv/library/scoping-iot-pilot-project/,/sv/artiklar/scoping-iot-pilot-project/,library,configured,
/sv/library/seasonal-tuning-organ/,/sv/artiklar/seasonal-tuning-organ/,library,configured,
/sv/library/security-panic-buttons/,/sv/artiklar/security-panic-buttons/,library,configured,
/sv/library/sensor-placement-guide/,/sv/artiklar/sensor-placement-guide/,library,configured,
/sv/library/server-rack-door-sensors/,/sv/artiklar/server-rack-door-sensors/,library,configured,
/sv/library/setpoint-drift-detection/,/sv/artiklar/setpoint-drift-detection/,library,configured,
/sv/library/setpoint-tuning-algorithms/,/sv/artiklar/setpoint-tuning-algorithms/,library,configured,
/sv/library/sewer-backup-alarms/,/sv/artiklar/sewer-backup-alarms/,library,configured,
/sv/library/shuttle-bus-utilisation/,/sv/artiklar/shuttle-bus-utilisation/,library,configured,
/sv/library/silent-room-pir-sensors/,/sv/artiklar/silent-room-pir-sensors/,library,configured,
/sv/library/sprinkler-system-test-monitoring/,/sv/artiklar/sprinkler-system-test-monitoring/,library,configured,
/sv/library/sso-integration-azure-ad/,/sv/artiklar/sso-integration-azure-ad/,library,configured,
/sv/library/sso-okta-integration/,/sv/artiklar/sso-okta-integration/,library,configured,
/sv/library/stakeholder-buy-in/,/sv/artiklar/stakeholder-buy-in/,library,configured,
/sv/library/stone-monument-freeze-thaw/,/sv/artiklar/stone-monument-freeze-thaw/,library,configured,
/sv/library/storage-battery-scheduling/,/sv/artiklar/storage-battery-scheduling/,library,configured,
/sv/library/storm-water-basement-sensors/,/sv/artiklar/storm-water-basement-sensors/,library,configured,
/sv/library/summer-overheating-offices/,/sv/artiklar/summer-overheating-offices/,library,configured,
/sv/library/tags/,/sv/artiklar/tags/,library,configured,
/sv/library/teacher-training-indoor-climate/,/sv/artiklar/teacher-training-indoor-climate/,library,configured,
/sv/library/temperature-control-open-offices/,/sv/artiklar/temperature-control-open-offices/,library,configured,
/sv/library/temperature-setpoints-energy-balance/,/sv/artiklar/temperature-setpoints-energy-balance/,library,configured,
/sv/library/textile-conservation-climate/,/sv/artiklar/textile-conservation-climate/,library,configured,
/sv/library/thermal-comfort-shared-offices/,/sv/artiklar/thermal-comfort-shared-offices/,library,configured,
/sv/library/total-cost-of-ownership/,/sv/artiklar/total-cost-of-ownership/,library,configured,
/sv/library/tourist-attraction-feedback/,/sv/artiklar/tourist-attraction-feedback/,library,configured,
/sv/library/tourist-visitor-impact-climate/,/sv/artiklar/tourist-visitor-impact-climate/,library,configured,
/sv/library/tv-dashboards-receptions/,/sv/artiklar/tv-dashboards-receptions/,library,configured,
/sv/library/under-sink-sensor-placement/,/sv/artiklar/under-sink-sensor-placement/,library,configured,
/sv/library/vault-monitoring-banks/,/sv/artiklar/vault-monitoring-banks/,library,configured,
/sv/library/vav-control-with-co2/,/sv/artiklar/vav-control-with-co2/,library,configured,
/sv/library/vendor-lock-in-avoidance/,/sv/artiklar/vendor-lock-in-avoidance/,library,configured,
/sv/library/ventilation-retrofit-guide/,/sv/artiklar/ventilation-retrofit-guide/,library,configured,
/sv/library/visitor-count-gallery-cleaning/,/sv/artiklar/visitor-count-gallery-cleaning/,library,configured,
/sv/library/voc-levels-in-offices/,/sv/artiklar/voc-levels-in-offices/,library,configured,
/sv/library/warehouse-picking-feedback/,/sv/artiklar/warehouse-picking-feedback/,library,configured,
/sv/library/washing-machine-leak-sensors/,/sv/artiklar/washing-machine-leak-sensors/,library,configured,
/sv/library/water-alarms-in-server-rooms/,/sv/artiklar/water-alarms-in-server-rooms/,library,configured,
/sv/library/water-damage-insurance-documentation/,/sv/artiklar/water-damage-insurance-documentation/,library,configured,
/sv/library/water-detection-stop-damage-before-it-spreads/,/sv/artiklar/water-detection-stop-damage-before-it-spreads/,library,configured,
/sv/library/webhooks-for-alarms/,/sv/artiklar/webhooks-for-alarms/,library,configured,
/sv/library/well-v2-indoor-air/,/sv/artiklar/well-v2-indoor-air/,library,configured,
/sv/library/when-to-ventilate/,/sv/artiklar/when-to-ventilate/,library,configured,
/sv/library/whisky-barrel-warehouse/,/sv/artiklar/whisky-barrel-warehouse/,library,configured,
/sv/library/white-label-dashboards/,/sv/artiklar/white-label-dashboards/,library,configured,
/sv/library/who-air-quality-guidelines/,/sv/artiklar/who-air-quality-guidelines/,library,configured,
/sv/library/window-cleaning-daylight-sensors/,/sv/artiklar/window-cleaning-daylight-sensors/,library,configured,
/sv/library/wine-cellar-humidity/,/sv/artiklar/wine-cellar-humidity/,library,configured,
/sv/library/winter-dryness-control/,/sv/artiklar/winter-dryness-control/,library,configured,
/sv/library/wooden-furniture-preservation/,/sv/artiklar/wooden-furniture-preservation/,library,configured,
/sv/library/workplace-assessment-indoor-climate/,/sv/artiklar/workplace-assessment-indoor-climate/,library,configured,
/sv/library/workplace-mix-ratio/,/sv/artiklar/workplace-mix-ratio/,library,configured,
/sv/pricing/enterprise/,/sv/priser/,pricing,configured,
/sv/pricing/plans/,/sv/priser/,pricing,configured,
/sv/sensors/compare/,/sv/jamfor/,sensors,configured,
/sv/solutions/,/sv/artiklar/,solutions,configured,
/sv/solutions/after-hours-door-alarms/,/sv/artiklar/after-hours-door-alarms/,solutions,configured,
/sv/solutions/ai-in-facility-management/,/sv/artiklar/ai-in-facility-management/,solutions,configured,
/sv/solutions/air-quality-auditoriums/,/sv/artiklar/air-quality-auditoriums/,solutions,configured,
/sv/solutions/air-quality-libraries/,/sv/artiklar/air-quality-libraries/,solutions,configured,
/sv/solutions/air-quality-sports-halls/,/sv/artiklar/air-quality-sports-halls/,solutions,configured,
/sv/solutions/air-quality-trends-over-seasons/,/sv/artiklar/air-quality-trends-over-seasons/,solutions,configured,
/sv/solutions/airport-restroom-cleaning-sla/,/sv/artiklar/airport-restroom-cleaning-sla/,solutions,configured,
/sv/solutions/alarm-escalation-chains/,/sv/artiklar/alarm-escalation-chains/,solutions,configured,
/sv/solutions/alarms-for-indoor-climate/,/sv/artiklar/alarms-for-indoor-climate/,solutions,configured,
/sv/solutions/altar-pieces-humidity/,/sv/artiklar/altar-pieces-humidity/,solutions,configured,
/sv/solutions/api-authentication-oauth/,/sv/artiklar/api-authentication-oauth/,solutions,configured,
/sv/solutions/api-rate-limits/,/sv/artiklar/api-rate-limits/,solutions,configured,
/sv/solutions/archive-retrofit-rollout/,/sv/artiklar/archive-retrofit-rollout/,solutions,configured,
/sv/solutions/archive-temperature-control/,/sv/artiklar/archive-temperature-control/,solutions,configured,
/sv/solutions/art-storage-vault-access/,/sv/artiklar/art-storage-vault-access/,solutions,configured,
/sv/solutions/ashrae-62-1-guidance/,/sv/artiklar/ashrae-62-1-guidance/,solutions,configured,
/sv/solutions/audit-logs-for-admins/,/sv/artiklar/audit-logs-for-admins/,solutions,configured,
/sv/solutions/battery-lifetime-tuning/,/sv/artiklar/battery-lifetime-tuning/,solutions,configured,
/sv/solutions/behavioural-energy-savings/,/sv/artiklar/behavioural-energy-savings/,solutions,configured,
/sv/solutions/bike-rack-occupancy/,/sv/artiklar/bike-rack-occupancy/,solutions,configured,
/sv/solutions/bike-storage-door-status/,/sv/artiklar/bike-storage-door-status/,solutions,configured,
/sv/solutions/boiler-cycling-analytics/,/sv/artiklar/boiler-cycling-analytics/,solutions,configured,
/sv/solutions/boiler-room-flood-sensors/,/sv/artiklar/boiler-room-flood-sensors/,solutions,configured,
/sv/solutions/bookable-zones-dynamic-pricing/,/sv/artiklar/bookable-zones-dynamic-pricing/,solutions,configured,
/sv/solutions/br18-indoor-climate/,/sv/artiklar/br18-indoor-climate/,solutions,configured,
/sv/solutions/break-room-usage/,/sv/artiklar/break-room-usage/,solutions,configured,
/sv/solutions/building-iot-business-case/,/sv/artiklar/building-iot-business-case/,solutions,configured,
/sv/solutions/button-battery-lifetime/,/sv/artiklar/button-battery-lifetime/,solutions,configured,
/sv/solutions/button-heatmap-analysis/,/sv/artiklar/button-heatmap-analysis/,solutions,configured,
/sv/solutions/cafeteria-peak-hours/,/sv/artiklar/cafeteria-peak-hours/,solutions,configured,
/sv/solutions/calibration-intervals-explained/,/sv/artiklar/calibration-intervals-explained/,solutions,configured,
/sv/solutions/canteen-capacity-planning/,/sv/artiklar/canteen-capacity-planning/,solutions,configured,
/sv/solutions/canteen-cleaning-triggers/,/sv/artiklar/canteen-cleaning-triggers/,solutions,configured,
/sv/solutions/ce-marking-iot-devices/,/sv/artiklar/ce-marking-iot-devices/,solutions,configured,
/sv/solutions/chapel-climate-sensors/,/sv/artiklar/chapel-climate-sensors/,solutions,configured,
/sv/solutions/chemical-cabinet-audit-trail/,/sv/artiklar/chemical-cabinet-audit-trail/,solutions,configured,
/sv/solutions/chilled-beam-condensation/,/sv/artiklar/chilled-beam-condensation/,solutions,configured,
/sv/solutions/choosing-sensor-placement/,/sv/artiklar/choosing-sensor-placement/,solutions,configured,
/sv/solutions/church-interior-rh-bands/,/sv/artiklar/church-interior-rh-bands/,solutions,configured,
/sv/solutions/classroom-feedback-teachers/,/sv/artiklar/classroom-feedback-teachers/,solutions,configured,
/sv/solutions/classroom-timetable-vs-usage/,/sv/artiklar/classroom-timetable-vs-usage/,solutions,configured,
/sv/solutions/classroom-ventilation-checklist/,/sv/artiklar/classroom-ventilation-checklist/,solutions,configured,
/sv/solutions/cleaning-chemicals-voc/,/sv/artiklar/cleaning-chemicals-voc/,solutions,configured,
/sv/solutions/cleaning-cupboard-audit/,/sv/artiklar/cleaning-cupboard-audit/,solutions,configured,
/sv/solutions/cleaning-request-buttons-restrooms/,/sv/artiklar/cleaning-request-buttons-restrooms/,solutions,configured,
/sv/solutions/cleaning-robot-orchestration/,/sv/artiklar/cleaning-robot-orchestration/,solutions,configured,
/sv/solutions/cleaning-sla-via-buttons/,/sv/artiklar/cleaning-sla-via-buttons/,solutions,configured,
/sv/solutions/cleaning-team-onboarding/,/sv/artiklar/cleaning-team-onboarding/,solutions,configured,
/sv/solutions/climate-control-vestries/,/sv/artiklar/climate-control-vestries/,solutions,configured,
/sv/solutions/co-working-end-of-day-cleaning/,/sv/artiklar/co-working-end-of-day-cleaning/,solutions,configured,
/sv/solutions/co2-based-hvac-demand-control/,/sv/artiklar/co2-based-hvac-demand-control/,solutions,configured,
/sv/solutions/co2-in-meeting-rooms/,/sv/artiklar/co2-in-meeting-rooms/,solutions,configured,
/sv/solutions/co2-monitoring-in-schools/,/sv/artiklar/co2-monitoring-in-schools/,solutions,configured,
/sv/solutions/cold-storage-door-open-alarms/,/sv/artiklar/cold-storage-door-open-alarms/,solutions,configured,
/sv/solutions/comfort-complaints-data-driven/,/sv/artiklar/comfort-complaints-data-driven/,solutions,configured,
/sv/solutions/conference-centre-utilisation/,/sv/artiklar/conference-centre-utilisation/,solutions,configured,
/sv/solutions/conference-room-issue-reporting/,/sv/artiklar/conference-room-issue-reporting/,solutions,configured,
/sv/solutions/cooking-fumes-kitchens/,/sv/artiklar/cooking-fumes-kitchens/,solutions,configured,
/sv/solutions/covid-era-density-legacy/,/sv/artiklar/covid-era-density-legacy/,solutions,configured,
/sv/solutions/coworking-day-pass-demand/,/sv/artiklar/coworking-day-pass-demand/,solutions,configured,
/sv/solutions/coworking-space-optimisation/,/sv/artiklar/coworking-space-optimisation/,solutions,configured,
/sv/solutions/crawl-space-humidity-alarms/,/sv/artiklar/crawl-space-humidity-alarms/,solutions,configured,
/sv/solutions/crypt-climate-monitoring/,/sv/artiklar/crypt-climate-monitoring/,solutions,configured,
/sv/solutions/csrd-scope-1-2-3-data/,/sv/artiklar/csrd-scope-1-2-3-data/,solutions,configured,
/sv/solutions/custom-reports-builder/,/sv/artiklar/custom-reports-builder/,solutions,configured,
/sv/solutions/daily-cycles-church-climate/,/sv/artiklar/daily-cycles-church-climate/,solutions,configured,
/sv/solutions/danish-work-environment-act/,/sv/artiklar/danish-work-environment-act/,solutions,configured,
/sv/solutions/data-literacy-facility-managers/,/sv/artiklar/data-literacy-facility-managers/,solutions,configured,
/sv/solutions/data-residency-eu/,/sv/artiklar/data-residency-eu/,solutions,configured,
/sv/solutions/data-retention-policies/,/sv/artiklar/data-retention-policies/,solutions,configured,
/sv/solutions/datacentre-high-availability/,/sv/artiklar/datacentre-high-availability/,solutions,configured,
/sv/solutions/delivery-door-temperature/,/sv/artiklar/delivery-door-temperature/,solutions,configured,
/sv/solutions/demand-based-cleaning-offices/,/sv/artiklar/demand-based-cleaning-offices/,solutions,configured,
/sv/solutions/deployment-timeline-expectations/,/sv/artiklar/deployment-timeline-expectations/,solutions,configured,
/sv/solutions/desk-sharing-utilisation/,/sv/artiklar/desk-sharing-utilisation/,solutions,configured,
/sv/solutions/dgnb-hvb-score/,/sv/artiklar/dgnb-hvb-score/,solutions,configured,
/sv/solutions/dgnb-preservation-documentation/,/sv/artiklar/dgnb-preservation-documentation/,solutions,configured,
/sv/solutions/digital-twins-smart-buildings/,/sv/artiklar/digital-twins-smart-buildings/,solutions,configured,
/sv/solutions/diocese-onboarding-preservation/,/sv/artiklar/diocese-onboarding-preservation/,solutions,configured,
/sv/solutions/dishwasher-overflow-detection/,/sv/artiklar/dishwasher-overflow-detection/,solutions,configured,
/sv/solutions/dispenser-refill-signals/,/sv/artiklar/dispenser-refill-signals/,solutions,configured,
/sv/solutions/district-heating-optimisation/,/sv/artiklar/district-heating-optimisation/,solutions,configured,
/sv/solutions/dust-particles-pm25/,/sv/artiklar/dust-particles-pm25/,solutions,configured,
/sv/solutions/dynamic-cleaning-prioritisation/,/sv/artiklar/dynamic-cleaning-prioritisation/,solutions,configured,
/sv/solutions/en-15251-historical/,/sv/artiklar/en-15251-historical/,solutions,configured,
/sv/solutions/en-15757-explained/,/sv/artiklar/en-15757-explained/,solutions,configured,
/sv/solutions/en-15757-in-practice/,/sv/artiklar/en-15757-in-practice/,solutions,configured,
/sv/solutions/en-15757-preservation/,/sv/artiklar/en-15757-preservation/,solutions,configured,
/sv/solutions/en-16798-explained/,/sv/artiklar/en-16798-explained/,solutions,configured,
/sv/solutions/energy-benchmarks-offices/,/sv/artiklar/energy-benchmarks-offices/,solutions,configured,
/sv/solutions/energy-benchmarks-schools/,/sv/artiklar/energy-benchmarks-schools/,solutions,configured,
/sv/solutions/energy-rating-brf-homes/,/sv/artiklar/energy-rating-brf-homes/,solutions,configured,
/sv/solutions/energy-waste-anomalies/,/sv/artiklar/energy-waste-anomalies/,solutions,configured,
/sv/solutions/equipment-cabinet-access-logs/,/sv/artiklar/equipment-cabinet-access-logs/,solutions,configured,
/sv/solutions/esg-reporting-buildings/,/sv/artiklar/esg-reporting-buildings/,solutions,configured,
/sv/solutions/esg-reporting-mandates/,/sv/artiklar/esg-reporting-mandates/,solutions,configured,
/sv/solutions/eu-ecodesign-directive/,/sv/artiklar/eu-ecodesign-directive/,solutions,configured,
/sv/solutions/facility-issue-escalation/,/sv/artiklar/facility-issue-escalation/,solutions,configured,
/sv/solutions/fan-coil-unit-leak-detection/,/sv/artiklar/fan-coil-unit-leak-detection/,solutions,configured,
/sv/solutions/film-archive-cold-storage/,/sv/artiklar/film-archive-cold-storage/,solutions,configured,
/sv/solutions/fire-door-open-too-long/,/sv/artiklar/fire-door-open-too-long/,solutions,configured,
/sv/solutions/flat-roof-leak-monitoring/,/sv/artiklar/flat-roof-leak-monitoring/,solutions,configured,
/sv/solutions/floor-occupancy-heatmaps/,/sv/artiklar/floor-occupancy-heatmaps/,solutions,configured,
/sv/solutions/frost-damage-pipes-alarm/,/sv/artiklar/frost-damage-pipes-alarm/,solutions,configured,
/sv/solutions/gamifying-classroom-ventilation/,/sv/artiklar/gamifying-classroom-ventilation/,solutions,configured,
/sv/solutions/gateway-redundancy-patterns/,/sv/artiklar/gateway-redundancy-patterns/,solutions,configured,
/sv/solutions/gdpr-data-processing/,/sv/artiklar/gdpr-data-processing/,solutions,configured,
/sv/solutions/gdpr-sensor-data/,/sv/artiklar/gdpr-sensor-data/,solutions,configured,
/sv/solutions/generative-ai-facility-mgmt/,/sv/artiklar/generative-ai-facility-mgmt/,solutions,configured,
/sv/solutions/getting-started-iot-buildings/,/sv/artiklar/getting-started-iot-buildings/,solutions,configured,
/sv/solutions/green-lease-iot-data/,/sv/artiklar/green-lease-iot-data/,solutions,configured,
/sv/solutions/greenhouse-orchid-culture/,/sv/artiklar/greenhouse-orchid-culture/,solutions,configured,
/sv/solutions/gutter-overflow-detection/,/sv/artiklar/gutter-overflow-detection/,solutions,configured,
/sv/solutions/gym-capacity-monitoring/,/sv/artiklar/gym-capacity-monitoring/,solutions,configured,
/sv/solutions/gym-equipment-wipe-downs/,/sv/artiklar/gym-equipment-wipe-downs/,solutions,configured,
/sv/solutions/gym-locker-turnover/,/sv/artiklar/gym-locker-turnover/,solutions,configured,
/sv/solutions/handyman-callout-buttons/,/sv/artiklar/handyman-callout-buttons/,solutions,configured,
/sv/solutions/heat-loss-windows-climate/,/sv/artiklar/heat-loss-windows-climate/,solutions,configured,
/sv/solutions/heat-recovery-effectiveness/,/sv/artiklar/heat-recovery-effectiveness/,solutions,configured,
/sv/solutions/historic-building-leak-risks/,/sv/artiklar/historic-building-leak-risks/,solutions,configured,
/sv/solutions/historic-window-condensation/,/sv/artiklar/historic-window-condensation/,solutions,configured,
/sv/solutions/hospital-staff-locker-monitoring/,/sv/artiklar/hospital-staff-locker-monitoring/,solutions,configured,
/sv/solutions/hospital-terminal-cleaning/,/sv/artiklar/hospital-terminal-cleaning/,solutions,configured,
/sv/solutions/hospital-ward-rollout/,/sv/artiklar/hospital-ward-rollout/,solutions,configured,
/sv/solutions/hot-desking-data/,/sv/artiklar/hot-desking-data/,solutions,configured,
/sv/solutions/hotel-bathroom-leak-detection/,/sv/artiklar/hotel-bathroom-leak-detection/,solutions,configured,
/sv/solutions/hotel-room-cleaning-pirs/,/sv/artiklar/hotel-room-cleaning-pirs/,solutions,configured,
/sv/solutions/hotel-room-service-buttons/,/sv/artiklar/hotel-room-service-buttons/,solutions,configured,
/sv/solutions/how-to-write-iot-rfp/,/sv/artiklar/how-to-write-iot-rfp/,solutions,configured,
/sv/solutions/humidifier-dehumidifier-automation/,/sv/artiklar/humidifier-dehumidifier-automation/,solutions,configured,
/sv/solutions/humidity-hospital-wards/,/sv/artiklar/humidity-hospital-wards/,solutions,configured,
/sv/solutions/humidity-in-churches/,/sv/artiklar/humidity-in-churches/,solutions,configured,
/sv/solutions/humidity-management-classrooms/,/sv/artiklar/humidity-management-classrooms/,solutions,configured,
/sv/solutions/hvac-failure-alerts-archives/,/sv/artiklar/hvac-failure-alerts-archives/,solutions,configured,
/sv/solutions/hybrid-work-data-trends/,/sv/artiklar/hybrid-work-data-trends/,solutions,configured,
/sv/solutions/hybrid-work-patterns/,/sv/artiklar/hybrid-work-patterns/,solutions,configured,
/sv/solutions/iaq-dashboards-for-facility-managers/,/sv/artiklar/iaq-dashboards-for-facility-managers/,solutions,configured,
/sv/solutions/ice-machine-leak-detection/,/sv/artiklar/ice-machine-leak-detection/,solutions,configured,
/sv/solutions/iconostasis-climate/,/sv/artiklar/iconostasis-climate/,solutions,configured,
/sv/solutions/incident-response-sla/,/sv/artiklar/incident-response-sla/,solutions,configured,
/sv/solutions/indoor-air-quality-hospitals/,/sv/artiklar/indoor-air-quality-hospitals/,solutions,configured,
/sv/solutions/indoor-climate-audits/,/sv/artiklar/indoor-climate-audits/,solutions,configured,
/sv/solutions/indoor-climate-care-homes/,/sv/artiklar/indoor-climate-care-homes/,solutions,configured,
/sv/solutions/indoor-climate-home-offices/,/sv/artiklar/indoor-climate-home-offices/,solutions,configured,
/sv/solutions/indoor-climate-kindergartens/,/sv/artiklar/indoor-climate-kindergartens/,solutions,configured,
/sv/solutions/indoor-climate-nursing-homes/,/sv/artiklar/indoor-climate-nursing-homes/,solutions,configured,
/sv/solutions/indoor-climate-retail/,/sv/artiklar/indoor-climate-retail/,solutions,configured,
/sv/solutions/insurance-deductible-reduction/,/sv/artiklar/insurance-deductible-reduction/,solutions,configured,
/sv/solutions/insurance-documentation-museums/,/sv/artiklar/insurance-documentation-museums/,solutions,configured,
/sv/solutions/integration-azure-iot-hub/,/sv/artiklar/integration-azure-iot-hub/,solutions,configured,
/sv/solutions/integration-dalux/,/sv/artiklar/integration-dalux/,solutions,configured,
/sv/solutions/integration-google-calendar/,/sv/artiklar/integration-google-calendar/,solutions,configured,
/sv/solutions/integration-microsoft-teams/,/sv/artiklar/integration-microsoft-teams/,solutions,configured,
/sv/solutions/integration-niagara-tridium/,/sv/artiklar/integration-niagara-tridium/,solutions,configured,
/sv/solutions/integration-os2iot/,/sv/artiklar/integration-os2iot/,solutions,configured,
/sv/solutions/integration-power-bi/,/sv/artiklar/integration-power-bi/,solutions,configured,
/sv/solutions/integration-pronestor/,/sv/artiklar/integration-pronestor/,solutions,configured,
/sv/solutions/integration-schneider-ecostruxure/,/sv/artiklar/integration-schneider-ecostruxure/,solutions,configured,
/sv/solutions/integration-servicenow/,/sv/artiklar/integration-servicenow/,solutions,configured,
/sv/solutions/integration-siemens-desigo/,/sv/artiklar/integration-siemens-desigo/,solutions,configured,
/sv/solutions/integration-slack-alerts/,/sv/artiklar/integration-slack-alerts/,solutions,configured,
/sv/solutions/interpreting-iot-dashboards/,/sv/artiklar/interpreting-iot-dashboards/,solutions,configured,
/sv/solutions/iot-aquariums/,/sv/artiklar/iot-aquariums/,solutions,configured,
/sv/solutions/iot-bakeries/,/sv/artiklar/iot-bakeries/,solutions,configured,
/sv/solutions/iot-bowling-alleys/,/sv/artiklar/iot-bowling-alleys/,solutions,configured,
/sv/solutions/iot-breweries/,/sv/artiklar/iot-breweries/,solutions,configured,
/sv/solutions/iot-climbing-gyms/,/sv/artiklar/iot-climbing-gyms/,solutions,configured,
/sv/solutions/iot-concert-halls/,/sv/artiklar/iot-concert-halls/,solutions,configured,
/sv/solutions/iot-dental-offices/,/sv/artiklar/iot-dental-offices/,solutions,configured,
/sv/solutions/iot-driving-schools/,/sv/artiklar/iot-driving-schools/,solutions,configured,
/sv/solutions/iot-escape-rooms/,/sv/artiklar/iot-escape-rooms/,solutions,configured,
/sv/solutions/iot-fishery-ports/,/sv/artiklar/iot-fishery-ports/,solutions,configured,
/sv/solutions/iot-funeral-homes/,/sv/artiklar/iot-funeral-homes/,solutions,configured,
/sv/solutions/iot-greenhouses/,/sv/artiklar/iot-greenhouses/,solutions,configured,
/sv/solutions/iot-marinas/,/sv/artiklar/iot-marinas/,solutions,configured,
/sv/solutions/iot-music-rehearsal/,/sv/artiklar/iot-music-rehearsal/,solutions,configured,
/sv/solutions/iot-pharmacies/,/sv/artiklar/iot-pharmacies/,solutions,configured,
/sv/solutions/iot-procurement-guide/,/sv/artiklar/iot-procurement-guide/,solutions,configured,
/sv/solutions/iot-sensors-vs-manual-checks/,/sv/artiklar/iot-sensors-vs-manual-checks/,solutions,configured,
/sv/solutions/iot-sports-stadiums/,/sv/artiklar/iot-sports-stadiums/,solutions,configured,
/sv/solutions/iot-veterinary-clinics/,/sv/artiklar/iot-veterinary-clinics/,solutions,configured,
/sv/solutions/iot-wineries/,/sv/artiklar/iot-wineries/,solutions,configured,
/sv/solutions/iot-yoga-studios/,/sv/artiklar/iot-yoga-studios/,solutions,configured,
/sv/solutions/iot-zoos/,/sv/artiklar/iot-zoos/,solutions,configured,
/sv/solutions/iso-19650-bim-iot/,/sv/artiklar/iso-19650-bim-iot/,solutions,configured,
/sv/solutions/iso-27001-platform/,/sv/artiklar/iso-27001-platform/,solutions,configured,
/sv/solutions/kitchen-equipment-reporting/,/sv/artiklar/kitchen-equipment-reporting/,solutions,configured,
/sv/solutions/lab-incident-reporting/,/sv/artiklar/lab-incident-reporting/,solutions,configured,
/sv/solutions/leak-alarm-escalation-ladder/,/sv/artiklar/leak-alarm-escalation-ladder/,solutions,configured,
/sv/solutions/leak-sensors-for-basements-and-plant-rooms/,/sv/artiklar/leak-sensors-for-basements-and-plant-rooms/,solutions,configured,
/sv/solutions/leather-book-spine-humidity/,/sv/artiklar/leather-book-spine-humidity/,solutions,configured,
/sv/solutions/leed-indoor-air-quality/,/sv/artiklar/leed-indoor-air-quality/,solutions,configured,
/sv/solutions/library-book-preservation/,/sv/artiklar/library-book-preservation/,solutions,configured,
/sv/solutions/library-study-room-bookings/,/sv/artiklar/library-study-room-bookings/,solutions,configured,
/sv/solutions/lights-out-automation/,/sv/artiklar/lights-out-automation/,solutions,configured,
/sv/solutions/loaning-artefacts-travel-logger/,/sv/artiklar/loaning-artefacts-travel-logger/,solutions,configured,
/sv/solutions/locker-booking-corporate/,/sv/artiklar/locker-booking-corporate/,solutions,configured,
/sv/solutions/locker-occupancy-schools/,/sv/artiklar/locker-occupancy-schools/,solutions,configured,
/sv/solutions/lorawan-vs-nb-iot-rf-budget/,/sv/artiklar/lorawan-vs-nb-iot-rf-budget/,solutions,configured,
/sv/solutions/maintaining-iot-fleet/,/sv/artiklar/maintaining-iot-fleet/,solutions,configured,
/sv/solutions/manor-castle-climate-monitoring/,/sv/artiklar/manor-castle-climate-monitoring/,solutions,configured,
/sv/solutions/maps-floorplans-upload/,/sv/artiklar/maps-floorplans-upload/,solutions,configured,
/sv/solutions/marzipan-art-storage/,/sv/artiklar/marzipan-art-storage/,solutions,configured,
/sv/solutions/medicine-cabinet-compliance/,/sv/artiklar/medicine-cabinet-compliance/,solutions,configured,
/sv/solutions/meeting-room-booking-no-shows/,/sv/artiklar/meeting-room-booking-no-shows/,solutions,configured,
/sv/solutions/meeting-room-dashboards-tv/,/sv/artiklar/meeting-room-dashboards-tv/,solutions,configured,
/sv/solutions/meeting-room-right-sizing/,/sv/artiklar/meeting-room-right-sizing/,solutions,configured,
/sv/solutions/metal-corrosion-humidity/,/sv/artiklar/metal-corrosion-humidity/,solutions,configured,
/sv/solutions/meter-cabinet-monitoring/,/sv/artiklar/meter-cabinet-monitoring/,solutions,configured,
/sv/solutions/mobile-app-field-techs/,/sv/artiklar/mobile-app-field-techs/,solutions,configured,
/sv/solutions/mould-prevention-humidity/,/sv/artiklar/mould-prevention-humidity/,solutions,configured,
/sv/solutions/mqtt-integration/,/sv/artiklar/mqtt-integration/,solutions,configured,
/sv/solutions/multi-campus-space-benchmarking/,/sv/artiklar/multi-campus-space-benchmarking/,solutions,configured,
/sv/solutions/multi-tenant-access-control/,/sv/artiklar/multi-tenant-access-control/,solutions,configured,
/sv/solutions/municipality-rollout-playbook/,/sv/artiklar/municipality-rollout-playbook/,solutions,configured,
/sv/solutions/museum-pest-monitoring/,/sv/artiklar/museum-pest-monitoring/,solutions,configured,
/sv/solutions/museum-rollout-playbook/,/sv/artiklar/museum-rollout-playbook/,solutions,configured,
/sv/solutions/museum-storage-climate/,/sv/artiklar/museum-storage-climate/,solutions,configured,
/sv/solutions/nb-iot-adoption-nordics/,/sv/artiklar/nb-iot-adoption-nordics/,solutions,configured,
/sv/solutions/nfc-vs-lorawan-buttons/,/sv/artiklar/nfc-vs-lorawan-buttons/,solutions,configured,
/sv/solutions/night-setback-heating/,/sv/artiklar/night-setback-heating/,solutions,configured,
/sv/solutions/night-ventilation-strategies/,/sv/artiklar/night-ventilation-strategies/,solutions,configured,
/sv/solutions/nordic-museum-iot-adoption/,/sv/artiklar/nordic-museum-iot-adoption/,solutions,configured,
/sv/solutions/nurse-call-aware-cleaning/,/sv/artiklar/nurse-call-aware-cleaning/,solutions,configured,
/sv/solutions/occupancy-sensors-offices/,/sv/artiklar/occupancy-sensors-offices/,solutions,configured,
/sv/solutions/occupied-unoccupied-hvac/,/sv/artiklar/occupied-unoccupied-hvac/,solutions,configured,
/sv/solutions/office-density-planning/,/sv/artiklar/office-density-planning/,solutions,configured,
/sv/solutions/office-retrofit-rollout/,/sv/artiklar/office-retrofit-rollout/,solutions,configured,
/sv/solutions/oil-paintings-temperature-swings/,/sv/artiklar/oil-paintings-temperature-swings/,solutions,configured,
/sv/solutions/organ-hall-restoration/,/sv/artiklar/organ-hall-restoration/,solutions,configured,
/sv/solutions/organ-preservation/,/sv/artiklar/organ-preservation/,solutions,configured,
/sv/solutions/outdoor-area-cleaning-weather/,/sv/artiklar/outdoor-area-cleaning-weather/,solutions,configured,
/sv/solutions/palace-floor-conservation/,/sv/artiklar/palace-floor-conservation/,solutions,configured,
/sv/solutions/paper-artefact-storage/,/sv/artiklar/paper-artefact-storage/,solutions,configured,
/sv/solutions/parking-lot-sensors/,/sv/artiklar/parking-lot-sensors/,solutions,configured,
/sv/solutions/patient-feedback-buttons/,/sv/artiklar/patient-feedback-buttons/,solutions,configured,
/sv/solutions/pdf-export-template/,/sv/artiklar/pdf-export-template/,solutions,configured,
/sv/solutions/peak-load-shaving/,/sv/artiklar/peak-load-shaving/,solutions,configured,
/sv/solutions/pharmacy-medicine-storage/,/sv/artiklar/pharmacy-medicine-storage/,solutions,configured,
/sv/solutions/phone-booth-utilisation/,/sv/artiklar/phone-booth-utilisation/,solutions,configured,
/sv/solutions/photographic-collection-climate/,/sv/artiklar/photographic-collection-climate/,solutions,configured,
/sv/solutions/pilot-budget-planning/,/sv/artiklar/pilot-budget-planning/,solutions,configured,
/sv/solutions/pilot-to-production/,/sv/artiklar/pilot-to-production/,solutions,configured,
/sv/solutions/playground-usage-cleaning/,/sv/artiklar/playground-usage-cleaning/,solutions,configured,
/sv/solutions/plug-load-monitoring-offices/,/sv/artiklar/plug-load-monitoring-offices/,solutions,configured,
/sv/solutions/pollen-and-indoor-air/,/sv/artiklar/pollen-and-indoor-air/,solutions,configured,
/sv/solutions/power-bi-connector/,/sv/artiklar/power-bi-connector/,solutions,configured,
/sv/solutions/ppd-ppi-indoor-climate-metrics/,/sv/artiklar/ppd-ppi-indoor-climate-metrics/,solutions,configured,
/sv/solutions/ppm-thresholds-explained/,/sv/artiklar/ppm-thresholds-explained/,solutions,configured,
/sv/solutions/preservation-digitalisation/,/sv/artiklar/preservation-digitalisation/,solutions,configured,
/sv/solutions/preservation-roi-dioceses/,/sv/artiklar/preservation-roi-dioceses/,solutions,configured,
/sv/solutions/procurement-approval-checklist/,/sv/artiklar/procurement-approval-checklist/,solutions,configured,
/sv/solutions/proptech-2026-trends/,/sv/artiklar/proptech-2026-trends/,solutions,configured,
/sv/solutions/public-dashboards-kiosk/,/sv/artiklar/public-dashboards-kiosk/,solutions,configured,
/sv/solutions/pv-self-consumption/,/sv/artiklar/pv-self-consumption/,solutions,configured,
/sv/solutions/quiet-room-demand/,/sv/artiklar/quiet-room-demand/,solutions,configured,
/sv/solutions/radio-equipment-directive/,/sv/artiklar/radio-equipment-directive/,solutions,configured,
/sv/solutions/radon-measurement/,/sv/artiklar/radon-measurement/,solutions,configured,
/sv/solutions/reception-visitor-flow/,/sv/artiklar/reception-visitor-flow/,solutions,configured,
/sv/solutions/reporting-indoor-climate-to-boards/,/sv/artiklar/reporting-indoor-climate-to-boards/,solutions,configured,
/sv/solutions/residential-care-water-safety/,/sv/artiklar/residential-care-water-safety/,solutions,configured,
/sv/solutions/restocking-toilets-push-buttons/,/sv/artiklar/restocking-toilets-push-buttons/,solutions,configured,
/sv/solutions/restroom-floor-leak-detection/,/sv/artiklar/restroom-floor-leak-detection/,solutions,configured,
/sv/solutions/restroom-footfall-cleaning/,/sv/artiklar/restroom-footfall-cleaning/,solutions,configured,
/sv/solutions/retail-employee-call-button/,/sv/artiklar/retail-employee-call-button/,solutions,configured,
/sv/solutions/roi-brand-value-museums/,/sv/artiklar/roi-brand-value-museums/,solutions,configured,
/sv/solutions/roi-cleaning-fte-reduction/,/sv/artiklar/roi-cleaning-fte-reduction/,solutions,configured,
/sv/solutions/roi-dgnb-certification/,/sv/artiklar/roi-dgnb-certification/,solutions,configured,
/sv/solutions/roi-energy-retrofit-payback/,/sv/artiklar/roi-energy-retrofit-payback/,solutions,configured,
/sv/solutions/roi-hybrid-work-downsizing/,/sv/artiklar/roi-hybrid-work-downsizing/,solutions,configured,
/sv/solutions/roi-insurance-premium-reduction/,/sv/artiklar/roi-insurance-premium-reduction/,solutions,configured,
/sv/solutions/roi-preservation-insurance/,/sv/artiklar/roi-preservation-insurance/,solutions,configured,
/sv/solutions/roi-space-right-sizing/,/sv/artiklar/roi-space-right-sizing/,solutions,configured,
/sv/solutions/roi-tenant-satisfaction/,/sv/artiklar/roi-tenant-satisfaction/,solutions,configured,
/sv/solutions/roi-water-damage-avoided/,/sv/artiklar/roi-water-damage-avoided/,solutions,configured,
/sv/solutions/role-based-access-control/,/sv/artiklar/role-based-access-control/,solutions,configured,
/sv/solutions/rollout-in-varde-municipality/,/sv/artiklar/rollout-in-varde-municipality/,solutions,configured,
/sv/solutions/rollout-plan-portfolio/,/sv/artiklar/rollout-plan-portfolio/,solutions,configured,
/sv/solutions/roomalyzer-architecture/,/sv/artiklar/roomalyzer-architecture/,solutions,configured,
/sv/solutions/roomalyzer-vs-generic-iaq/,/sv/artiklar/roomalyzer-vs-generic-iaq/,solutions,configured,
/sv/solutions/school-rollout-checklist/,/sv/artiklar/school-rollout-checklist/,solutions,configured,
/sv/solutions/school-toilet-cleaning-schedule/,/sv/artiklar/school-toilet-cleaning-schedule/,solutions,configured,
/sv/solutions/scim-user-provisioning/,/sv/artiklar/scim-user-provisioning/,solutions,configured,
/sv/solutions/scoping-iot-pilot-project/,/sv/artiklar/scoping-iot-pilot-project/,solutions,configured,
/sv/solutions/seasonal-tuning-organ/,/sv/artiklar/seasonal-tuning-organ/,solutions,configured,
/sv/solutions/security-panic-buttons/,/sv/artiklar/security-panic-buttons/,solutions,configured,
/sv/solutions/sensor-placement-guide/,/sv/artiklar/sensor-placement-guide/,solutions,configured,
/sv/solutions/server-rack-door-sensors/,/sv/artiklar/server-rack-door-sensors/,solutions,configured,
/sv/solutions/setpoint-drift-detection/,/sv/artiklar/setpoint-drift-detection/,solutions,configured,
/sv/solutions/setpoint-tuning-algorithms/,/sv/artiklar/setpoint-tuning-algorithms/,solutions,configured,
/sv/solutions/sewer-backup-alarms/,/sv/artiklar/sewer-backup-alarms/,solutions,configured,
/sv/solutions/shuttle-bus-utilisation/,/sv/artiklar/shuttle-bus-utilisation/,solutions,configured,
/sv/solutions/silent-room-pir-sensors/,/sv/artiklar/silent-room-pir-sensors/,solutions,configured,
/sv/solutions/sprinkler-system-test-monitoring/,/sv/artiklar/sprinkler-system-test-monitoring/,solutions,configured,
/sv/solutions/sso-integration-azure-ad/,/sv/artiklar/sso-integration-azure-ad/,solutions,configured,
/sv/solutions/sso-okta-integration/,/sv/artiklar/sso-okta-integration/,solutions,configured,
/sv/solutions/stakeholder-buy-in/,/sv/artiklar/stakeholder-buy-in/,solutions,configured,
/sv/solutions/stone-monument-freeze-thaw/,/sv/artiklar/stone-monument-freeze-thaw/,solutions,configured,
/sv/solutions/storage-battery-scheduling/,/sv/artiklar/storage-battery-scheduling/,solutions,configured,
/sv/solutions/storm-water-basement-sensors/,/sv/artiklar/storm-water-basement-sensors/,solutions,configured,
/sv/solutions/summer-overheating-offices/,/sv/artiklar/summer-overheating-offices/,solutions,configured,
/sv/solutions/teacher-training-indoor-climate/,/sv/artiklar/teacher-training-indoor-climate/,solutions,configured,
/sv/solutions/temperature-control-open-offices/,/sv/artiklar/temperature-control-open-offices/,solutions,configured,
/sv/solutions/temperature-setpoints-energy-balance/,/sv/artiklar/temperature-setpoints-energy-balance/,solutions,configured,
/sv/solutions/textile-conservation-climate/,/sv/artiklar/textile-conservation-climate/,solutions,configured,
/sv/solutions/thermal-comfort-shared-offices/,/sv/artiklar/thermal-comfort-shared-offices/,solutions,configured,
/sv/solutions/total-cost-of-ownership/,/sv/artiklar/total-cost-of-ownership/,solutions,configured,
/sv/solutions/tourist-attraction-feedback/,/sv/artiklar/tourist-attraction-feedback/,solutions,configured,
/sv/solutions/tourist-visitor-impact-climate/,/sv/artiklar/tourist-visitor-impact-climate/,solutions,configured,
/sv/solutions/tv-dashboards-receptions/,/sv/artiklar/tv-dashboards-receptions/,solutions,configured,
/sv/solutions/under-sink-sensor-placement/,/sv/artiklar/under-sink-sensor-placement/,solutions,configured,
/sv/solutions/vault-monitoring-banks/,/sv/artiklar/vault-monitoring-banks/,solutions,configured,
/sv/solutions/vav-control-with-co2/,/sv/artiklar/vav-control-with-co2/,solutions,configured,
/sv/solutions/vendor-lock-in-avoidance/,/sv/artiklar/vendor-lock-in-avoidance/,solutions,configured,
/sv/solutions/ventilation-retrofit-guide/,/sv/artiklar/ventilation-retrofit-guide/,solutions,configured,
/sv/solutions/visitor-count-gallery-cleaning/,/sv/artiklar/visitor-count-gallery-cleaning/,solutions,configured,
/sv/solutions/voc-levels-in-offices/,/sv/artiklar/voc-levels-in-offices/,solutions,configured,
/sv/solutions/warehouse-picking-feedback/,/sv/artiklar/warehouse-picking-feedback/,solutions,configured,
/sv/solutions/washing-machine-leak-sensors/,/sv/artiklar/washing-machine-leak-sensors/,solutions,configured,
/sv/solutions/water-alarms-in-server-rooms/,/sv/artiklar/water-alarms-in-server-rooms/,solutions,configured,
/sv/solutions/water-damage-insurance-documentation/,/sv/artiklar/water-damage-insurance-documentation/,solutions,configured,
/sv/solutions/water-detection-stop-damage-before-it-spreads/,/sv/artiklar/water-detection-stop-damage-before-it-spreads/,solutions,configured,
/sv/solutions/webhooks-for-alarms/,/sv/artiklar/webhooks-for-alarms/,solutions,configured,
/sv/solutions/well-v2-indoor-air/,/sv/artiklar/well-v2-indoor-air/,solutions,configured,
/sv/solutions/when-to-ventilate/,/sv/artiklar/when-to-ventilate/,solutions,configured,
/sv/solutions/whisky-barrel-warehouse/,/sv/artiklar/whisky-barrel-warehouse/,solutions,configured,
/sv/solutions/white-label-dashboards/,/sv/artiklar/white-label-dashboards/,solutions,configured,
/sv/solutions/who-air-quality-guidelines/,/sv/artiklar/who-air-quality-guidelines/,solutions,configured,
/sv/solutions/window-cleaning-daylight-sensors/,/sv/artiklar/window-cleaning-daylight-sensors/,solutions,configured,
/sv/solutions/wine-cellar-humidity/,/sv/artiklar/wine-cellar-humidity/,solutions,configured,
/sv/solutions/winter-dryness-control/,/sv/artiklar/winter-dryness-control/,solutions,configured,
/sv/solutions/wooden-furniture-preservation/,/sv/artiklar/wooden-furniture-preservation/,solutions,configured,
/sv/solutions/workplace-assessment-indoor-climate/,/sv/artiklar/workplace-assessment-indoor-climate/,solutions,configured,
/sv/solutions/workplace-mix-ratio/,/sv/artiklar/workplace-mix-ratio/,solutions,configured,
/tak-for-din-henvendelse/,/da/kontakt/,bare-path,configured,
/use-cases/,/da/artikler/,bare-path,configured,
/water-detection/,/da/moduler/water-detection/,bare-path,configured,
https://iot-fabrikken.com/,https://iot-fabrikken.com/da/,cross-domain,proposed,iot-fabrikken.com
https://iot-fabrikken.com/arbejdsstationer/,https://iot-fabrikken.com/da/moduler/space-management/,cross-domain,proposed,iot-fabrikken.com
https://iot-fabrikken.com/book-en-demo/,https://iot-fabrikken.com/da/kontakt/book-demo/,cross-domain,proposed,iot-fabrikken.com
https://iot-fabrikken.com/cafm/,https://iot-fabrikken.com/da/brancher/fm-companies/,cross-domain,proposed,iot-fabrikken.com
https://iot-fabrikken.com/case-kategori/indeklima/,https://iot-fabrikken.com/da/case-studies/,cross-domain,proposed,iot-fabrikken.com
https://iot-fabrikken.com/case-kategori/space-management/,https://iot-fabrikken.com/da/case-studies/,cross-domain,proposed,iot-fabrikken.com
https://iot-fabrikken.com/case/archdiocese-of-freiburg/,https://iot-fabrikken.com/da/case-studies/archdiocese-of-freiburg/,cross-domain,proposed,iot-fabrikken.com
https://iot-fabrikken.com/case/boligselskabet-sjaelland/,https://iot-fabrikken.com/da/case-studies/boligselskabet-sjaelland/,cross-domain,proposed,iot-fabrikken.com
https://iot-fabrikken.com/case/dansk-industri/,https://iot-fabrikken.com/da/case-studies/dansk-industri/,cross-domain,proposed,iot-fabrikken.com
https://iot-fabrikken.com/case/data-skal-dimensionere-nyt-raadhus-rigtigt/,https://iot-fabrikken.com/da/case-studies/gribskov-kommune/,cross-domain,proposed,iot-fabrikken.com
https://iot-fabrikken.com/case/deutches-museum-nordschleswig/,https://iot-fabrikken.com/da/case-studies/deutsches-museum-nordschleswig/,cross-domain,proposed,iot-fabrikken.com
https://iot-fabrikken.com/case/deutsches-museum-nordschleswig/,https://iot-fabrikken.com/da/case-studies/deutsches-museum-nordschleswig/,cross-domain,proposed,iot-fabrikken.com
https://iot-fabrikken.com/case/erzdioezese-freiburg/,https://iot-fabrikken.com/da/case-studies/archdiocese-of-freiburg/,cross-domain,proposed,iot-fabrikken.com
https://iot-fabrikken.com/case/evangelische-kirche-in-hessen-und-nassau/,https://iot-fabrikken.com/da/case-studies/evangelische-kirche-in-hessen-und-nassau/,cross-domain,proposed,iot-fabrikken.com
https://iot-fabrikken.com/case/faaborg-museum/,https://iot-fabrikken.com/da/case-studies/faaborg-museum/,cross-domain,proposed,iot-fabrikken.com
https://iot-fabrikken.com/case/gribskov-kommune-indoor-climate/,https://iot-fabrikken.com/da/case-studies/gribskov-kommune-indoor-climate/,cross-domain,proposed,iot-fabrikken.com
https://iot-fabrikken.com/case/gribskov-kommune/,https://iot-fabrikken.com/da/case-studies/gribskov-kommune/,cross-domain,proposed,iot-fabrikken.com
https://iot-fabrikken.com/case/hj-energi/,https://iot-fabrikken.com/da/case-studies/hj-energi/,cross-domain,proposed,iot-fabrikken.com
https://iot-fabrikken.com/case/holbaek-kommune/,https://iot-fabrikken.com/da/case-studies/holbaek-kommune/,cross-domain,proposed,iot-fabrikken.com
https://iot-fabrikken.com/case/kommune-norddjurs/,https://iot-fabrikken.com/da/case-studies/norddjurs-kommune/,cross-domain,proposed,iot-fabrikken.com
https://iot-fabrikken.com/case/kommune-varde/,https://iot-fabrikken.com/da/case-studies/varde-kommune/,cross-domain,proposed,iot-fabrikken.com
https://iot-fabrikken.com/case/norddjurs-kommun/,https://iot-fabrikken.com/da/case-studies/norddjurs-kommune/,cross-domain,proposed,iot-fabrikken.com
https://iot-fabrikken.com/case/norddjurs-kommune/,https://iot-fabrikken.com/da/case-studies/norddjurs-kommune/,cross-domain,proposed,iot-fabrikken.com
https://iot-fabrikken.com/case/rudersdal-museer/,https://iot-fabrikken.com/da/case-studies/rudersdal-museer/,cross-domain,proposed,iot-fabrikken.com
https://iot-fabrikken.com/case/skade-teknik/,https://iot-fabrikken.com/da/case-studies/skade-teknik/,cross-domain,proposed,iot-fabrikken.com
https://iot-fabrikken.com/case/solroed-kommune/,https://iot-fabrikken.com/da/case-studies/solroed-kommune/,cross-domain,proposed,iot-fabrikken.com
https://iot-fabrikken.com/case/sweco-6/,https://iot-fabrikken.com/da/case-studies/sweco/,cross-domain,proposed,iot-fabrikken.com
https://iot-fabrikken.com/case/sweco/,https://iot-fabrikken.com/da/case-studies/sweco/,cross-domain,proposed,iot-fabrikken.com
https://iot-fabrikken.com/case/varde-kommun/,https://iot-fabrikken.com/da/case-studies/varde-kommune/,cross-domain,proposed,iot-fabrikken.com
https://iot-fabrikken.com/case/varde-kommune-3/,https://iot-fabrikken.com/da/case-studies/varde-kommune/,cross-domain,proposed,iot-fabrikken.com
https://iot-fabrikken.com/case/varde-kommune/,https://iot-fabrikken.com/da/case-studies/varde-kommune/,cross-domain,proposed,iot-fabrikken.com
https://iot-fabrikken.com/case/vejen-kommune/,https://iot-fabrikken.com/da/case-studies/vejen-kommune/,cross-domain,proposed,iot-fabrikken.com
https://iot-fabrikken.com/case/zealand-erhvervsakademi/,https://iot-fabrikken.com/da/case-studies/zealand-erhvervsakademi/,cross-domain,proposed,iot-fabrikken.com
https://iot-fabrikken.com/cases/,https://iot-fabrikken.com/da/case-studies/,cross-domain,proposed,iot-fabrikken.com
https://iot-fabrikken.com/epbd/,https://iot-fabrikken.com/da/artikler/,cross-domain,proposed,iot-fabrikken.com
https://iot-fabrikken.com/faa-et-tilbud/,https://iot-fabrikken.com/da/faa-et-tilbud/,cross-domain,proposed,iot-fabrikken.com
https://iot-fabrikken.com/funktioner/,https://iot-fabrikken.com/da/platform/,cross-domain,proposed,iot-fabrikken.com
https://iot-fabrikken.com/generelle-vilkaar/,https://iot-fabrikken.com/da/juridisk/betingelser/,cross-domain,proposed,iot-fabrikken.com
https://iot-fabrikken.com/hybrid-arbejdsplads/,https://iot-fabrikken.com/da/moduler/space-management/,cross-domain,proposed,iot-fabrikken.com
https://iot-fabrikken.com/hydbrid-arbejdsplads/,https://iot-fabrikken.com/da/moduler/space-management/,cross-domain,proposed,iot-fabrikken.com
https://iot-fabrikken.com/indeklima-i-kirker/,https://iot-fabrikken.com/da/brancher/kirker/,cross-domain,proposed,iot-fabrikken.com
https://iot-fabrikken.com/indeklima-maaler/,https://iot-fabrikken.com/da/sensorer/,cross-domain,proposed,iot-fabrikken.com
https://iot-fabrikken.com/indeklima-paa-kontor/,https://iot-fabrikken.com/da/brancher/kontorer/,cross-domain,proposed,iot-fabrikken.com
https://iot-fabrikken.com/indeklima-paa-uddannelsesinstitutioner/,https://iot-fabrikken.com/da/brancher/skoler/,cross-domain,proposed,iot-fabrikken.com
https://iot-fabrikken.com/indeklima/,https://iot-fabrikken.com/da/moduler/indeklima/,cross-domain,proposed,iot-fabrikken.com
https://iot-fabrikken.com/integrationer/,https://iot-fabrikken.com/da/integrationer/,cross-domain,proposed,iot-fabrikken.com
https://iot-fabrikken.com/job/,https://iot-fabrikken.com/da/om-os/karriere/,cross-domain,proposed,iot-fabrikken.com
https://iot-fabrikken.com/jobopslag/business-development-manager-tyskland/,https://iot-fabrikken.com/da/om-os/karriere/,cross-domain,proposed,iot-fabrikken.com
https://iot-fabrikken.com/klasselokaler-og-institutioner/,https://iot-fabrikken.com/da/brancher/skoler/,cross-domain,proposed,iot-fabrikken.com
https://iot-fabrikken.com/kontakt/,https://iot-fabrikken.com/da/kontakt/,cross-domain,proposed,iot-fabrikken.com
https://iot-fabrikken.com/l_kategori/use-cases/,https://iot-fabrikken.com/da/artikler/,cross-domain,proposed,iot-fabrikken.com
https://iot-fabrikken.com/luftfugtighed-i-kirker/,https://iot-fabrikken.com/da/brancher/kirker/,cross-domain,proposed,iot-fabrikken.com
https://iot-fabrikken.com/om-os/,https://iot-fabrikken.com/da/om-os/,cross-domain,proposed,iot-fabrikken.com
https://iot-fabrikken.com/omkostningsoptimering/,https://iot-fabrikken.com/da/roi/,cross-domain,proposed,iot-fabrikken.com
https://iot-fabrikken.com/partnere/,https://iot-fabrikken.com/da/om-os/partnere/,cross-domain,proposed,iot-fabrikken.com
https://iot-fabrikken.com/privacy-policy/,https://iot-fabrikken.com/da/juridisk/privatlivspolitik/,cross-domain,proposed,iot-fabrikken.com
https://iot-fabrikken.com/produktark/,https://iot-fabrikken.com/da/sensorer/produktark/,cross-domain,proposed,iot-fabrikken.com
https://iot-fabrikken.com/ret-titlen-her/,https://iot-fabrikken.com/da/,cross-domain,proposed,iot-fabrikken.com
https://iot-fabrikken.com/sensorer/,https://iot-fabrikken.com/da/sensorer/,cross-domain,proposed,iot-fabrikken.com
https://iot-fabrikken.com/sitemap/,https://iot-fabrikken.com/da/,cross-domain,proposed,iot-fabrikken.com
https://iot-fabrikken.com/space-management-i-moedelokaler/,https://iot-fabrikken.com/da/moduler/space-management/,cross-domain,proposed,iot-fabrikken.com
https://iot-fabrikken.com/space-management-ny/,https://iot-fabrikken.com/da/moduler/space-management/,cross-domain,proposed,iot-fabrikken.com
https://iot-fabrikken.com/space-management-og-booking-system/,https://iot-fabrikken.com/da/moduler/space-management/,cross-domain,proposed,iot-fabrikken.com
https://iot-fabrikken.com/space-management-software/,https://iot-fabrikken.com/da/moduler/space-management/,cross-domain,proposed,iot-fabrikken.com
https://iot-fabrikken.com/space-management/,https://iot-fabrikken.com/da/moduler/space-management/,cross-domain,proposed,iot-fabrikken.com
https://iot-fabrikken.com/tak-for-din-henvendelse/,https://iot-fabrikken.com/da/kontakt/,cross-domain,proposed,iot-fabrikken.com
https://iot-fabrikken.com/use-cases/,https://iot-fabrikken.com/da/artikler/,cross-domain,proposed,iot-fabrikken.com
https://iot-fabrikken.com/water-detection/,https://iot-fabrikken.com/da/moduler/water-detection/,cross-domain,proposed,iot-fabrikken.com
https://www.iot-fabrikken.com/,https://iot-fabrikken.com/da/,cross-domain,proposed,iot-fabrikken.com
https://www.iot-fabrikken.com/arbejdsstationer/,https://iot-fabrikken.com/da/moduler/space-management/,cross-domain,proposed,iot-fabrikken.com
https://www.iot-fabrikken.com/book-en-demo/,https://iot-fabrikken.com/da/kontakt/book-demo/,cross-domain,proposed,iot-fabrikken.com
https://www.iot-fabrikken.com/cafm/,https://iot-fabrikken.com/da/brancher/fm-companies/,cross-domain,proposed,iot-fabrikken.com
https://www.iot-fabrikken.com/case-kategori/indeklima/,https://iot-fabrikken.com/da/case-studies/,cross-domain,proposed,iot-fabrikken.com
https://www.iot-fabrikken.com/case-kategori/space-management/,https://iot-fabrikken.com/da/case-studies/,cross-domain,proposed,iot-fabrikken.com
https://www.iot-fabrikken.com/case/archdiocese-of-freiburg/,https://iot-fabrikken.com/da/case-studies/archdiocese-of-freiburg/,cross-domain,proposed,iot-fabrikken.com
https://www.iot-fabrikken.com/case/boligselskabet-sjaelland/,https://iot-fabrikken.com/da/case-studies/boligselskabet-sjaelland/,cross-domain,proposed,iot-fabrikken.com
https://www.iot-fabrikken.com/case/dansk-industri/,https://iot-fabrikken.com/da/case-studies/dansk-industri/,cross-domain,proposed,iot-fabrikken.com
https://www.iot-fabrikken.com/case/data-skal-dimensionere-nyt-raadhus-rigtigt/,https://iot-fabrikken.com/da/case-studies/gribskov-kommune/,cross-domain,proposed,iot-fabrikken.com
https://www.iot-fabrikken.com/case/deutches-museum-nordschleswig/,https://iot-fabrikken.com/da/case-studies/deutsches-museum-nordschleswig/,cross-domain,proposed,iot-fabrikken.com
https://www.iot-fabrikken.com/case/deutsches-museum-nordschleswig/,https://iot-fabrikken.com/da/case-studies/deutsches-museum-nordschleswig/,cross-domain,proposed,iot-fabrikken.com
https://www.iot-fabrikken.com/case/erzdioezese-freiburg/,https://iot-fabrikken.com/da/case-studies/archdiocese-of-freiburg/,cross-domain,proposed,iot-fabrikken.com
https://www.iot-fabrikken.com/case/evangelische-kirche-in-hessen-und-nassau/,https://iot-fabrikken.com/da/case-studies/evangelische-kirche-in-hessen-und-nassau/,cross-domain,proposed,iot-fabrikken.com
https://www.iot-fabrikken.com/case/faaborg-museum/,https://iot-fabrikken.com/da/case-studies/faaborg-museum/,cross-domain,proposed,iot-fabrikken.com
https://www.iot-fabrikken.com/case/gribskov-kommune-indoor-climate/,https://iot-fabrikken.com/da/case-studies/gribskov-kommune-indoor-climate/,cross-domain,proposed,iot-fabrikken.com
https://www.iot-fabrikken.com/case/gribskov-kommune/,https://iot-fabrikken.com/da/case-studies/gribskov-kommune/,cross-domain,proposed,iot-fabrikken.com
https://www.iot-fabrikken.com/case/hj-energi/,https://iot-fabrikken.com/da/case-studies/hj-energi/,cross-domain,proposed,iot-fabrikken.com
https://www.iot-fabrikken.com/case/holbaek-kommune/,https://iot-fabrikken.com/da/case-studies/holbaek-kommune/,cross-domain,proposed,iot-fabrikken.com
https://www.iot-fabrikken.com/case/kommune-norddjurs/,https://iot-fabrikken.com/da/case-studies/norddjurs-kommune/,cross-domain,proposed,iot-fabrikken.com
https://www.iot-fabrikken.com/case/kommune-varde/,https://iot-fabrikken.com/da/case-studies/varde-kommune/,cross-domain,proposed,iot-fabrikken.com
https://www.iot-fabrikken.com/case/norddjurs-kommun/,https://iot-fabrikken.com/da/case-studies/norddjurs-kommune/,cross-domain,proposed,iot-fabrikken.com
https://www.iot-fabrikken.com/case/norddjurs-kommune/,https://iot-fabrikken.com/da/case-studies/norddjurs-kommune/,cross-domain,proposed,iot-fabrikken.com
https://www.iot-fabrikken.com/case/rudersdal-museer/,https://iot-fabrikken.com/da/case-studies/rudersdal-museer/,cross-domain,proposed,iot-fabrikken.com
https://www.iot-fabrikken.com/case/skade-teknik/,https://iot-fabrikken.com/da/case-studies/skade-teknik/,cross-domain,proposed,iot-fabrikken.com
https://www.iot-fabrikken.com/case/solroed-kommune/,https://iot-fabrikken.com/da/case-studies/solroed-kommune/,cross-domain,proposed,iot-fabrikken.com
https://www.iot-fabrikken.com/case/sweco-6/,https://iot-fabrikken.com/da/case-studies/sweco/,cross-domain,proposed,iot-fabrikken.com
https://www.iot-fabrikken.com/case/sweco/,https://iot-fabrikken.com/da/case-studies/sweco/,cross-domain,proposed,iot-fabrikken.com
https://www.iot-fabrikken.com/case/varde-kommun/,https://iot-fabrikken.com/da/case-studies/varde-kommune/,cross-domain,proposed,iot-fabrikken.com
https://www.iot-fabrikken.com/case/varde-kommune-3/,https://iot-fabrikken.com/da/case-studies/varde-kommune/,cross-domain,proposed,iot-fabrikken.com
https://www.iot-fabrikken.com/case/varde-kommune/,https://iot-fabrikken.com/da/case-studies/varde-kommune/,cross-domain,proposed,iot-fabrikken.com
https://www.iot-fabrikken.com/case/vejen-kommune/,https://iot-fabrikken.com/da/case-studies/vejen-kommune/,cross-domain,proposed,iot-fabrikken.com
https://www.iot-fabrikken.com/case/zealand-erhvervsakademi/,https://iot-fabrikken.com/da/case-studies/zealand-erhvervsakademi/,cross-domain,proposed,iot-fabrikken.com
https://www.iot-fabrikken.com/cases/,https://iot-fabrikken.com/da/case-studies/,cross-domain,proposed,iot-fabrikken.com
https://www.iot-fabrikken.com/epbd/,https://iot-fabrikken.com/da/artikler/,cross-domain,proposed,iot-fabrikken.com
https://www.iot-fabrikken.com/faa-et-tilbud/,https://iot-fabrikken.com/da/faa-et-tilbud/,cross-domain,proposed,iot-fabrikken.com
https://www.iot-fabrikken.com/funktioner/,https://iot-fabrikken.com/da/platform/,cross-domain,proposed,iot-fabrikken.com
https://www.iot-fabrikken.com/generelle-vilkaar/,https://iot-fabrikken.com/da/juridisk/betingelser/,cross-domain,proposed,iot-fabrikken.com
https://www.iot-fabrikken.com/hybrid-arbejdsplads/,https://iot-fabrikken.com/da/moduler/space-management/,cross-domain,proposed,iot-fabrikken.com
https://www.iot-fabrikken.com/hydbrid-arbejdsplads/,https://iot-fabrikken.com/da/moduler/space-management/,cross-domain,proposed,iot-fabrikken.com
https://www.iot-fabrikken.com/indeklima-i-kirker/,https://iot-fabrikken.com/da/brancher/kirker/,cross-domain,proposed,iot-fabrikken.com
https://www.iot-fabrikken.com/indeklima-maaler/,https://iot-fabrikken.com/da/sensorer/,cross-domain,proposed,iot-fabrikken.com
https://www.iot-fabrikken.com/indeklima-paa-kontor/,https://iot-fabrikken.com/da/brancher/kontorer/,cross-domain,proposed,iot-fabrikken.com
https://www.iot-fabrikken.com/indeklima-paa-uddannelsesinstitutioner/,https://iot-fabrikken.com/da/brancher/skoler/,cross-domain,proposed,iot-fabrikken.com
https://www.iot-fabrikken.com/indeklima/,https://iot-fabrikken.com/da/moduler/indeklima/,cross-domain,proposed,iot-fabrikken.com
https://www.iot-fabrikken.com/integrationer/,https://iot-fabrikken.com/da/integrationer/,cross-domain,proposed,iot-fabrikken.com
https://www.iot-fabrikken.com/job/,https://iot-fabrikken.com/da/om-os/karriere/,cross-domain,proposed,iot-fabrikken.com
https://www.iot-fabrikken.com/jobopslag/business-development-manager-tyskland/,https://iot-fabrikken.com/da/om-os/karriere/,cross-domain,proposed,iot-fabrikken.com
https://www.iot-fabrikken.com/klasselokaler-og-institutioner/,https://iot-fabrikken.com/da/brancher/skoler/,cross-domain,proposed,iot-fabrikken.com
https://www.iot-fabrikken.com/kontakt/,https://iot-fabrikken.com/da/kontakt/,cross-domain,proposed,iot-fabrikken.com
https://www.iot-fabrikken.com/l_kategori/use-cases/,https://iot-fabrikken.com/da/artikler/,cross-domain,proposed,iot-fabrikken.com
https://www.iot-fabrikken.com/luftfugtighed-i-kirker/,https://iot-fabrikken.com/da/brancher/kirker/,cross-domain,proposed,iot-fabrikken.com
https://www.iot-fabrikken.com/om-os/,https://iot-fabrikken.com/da/om-os/,cross-domain,proposed,iot-fabrikken.com
https://www.iot-fabrikken.com/omkostningsoptimering/,https://iot-fabrikken.com/da/roi/,cross-domain,proposed,iot-fabrikken.com
https://www.iot-fabrikken.com/partnere/,https://iot-fabrikken.com/da/om-os/partnere/,cross-domain,proposed,iot-fabrikken.com
https://www.iot-fabrikken.com/privacy-policy/,https://iot-fabrikken.com/da/juridisk/privatlivspolitik/,cross-domain,proposed,iot-fabrikken.com
https://www.iot-fabrikken.com/produktark/,https://iot-fabrikken.com/da/sensorer/produktark/,cross-domain,proposed,iot-fabrikken.com
https://www.iot-fabrikken.com/ret-titlen-her/,https://iot-fabrikken.com/da/,cross-domain,proposed,iot-fabrikken.com
https://www.iot-fabrikken.com/sensorer/,https://iot-fabrikken.com/da/sensorer/,cross-domain,proposed,iot-fabrikken.com
https://www.iot-fabrikken.com/sitemap/,https://iot-fabrikken.com/da/,cross-domain,proposed,iot-fabrikken.com
https://www.iot-fabrikken.com/space-management-i-moedelokaler/,https://iot-fabrikken.com/da/moduler/space-management/,cross-domain,proposed,iot-fabrikken.com
https://www.iot-fabrikken.com/space-management-ny/,https://iot-fabrikken.com/da/moduler/space-management/,cross-domain,proposed,iot-fabrikken.com
https://www.iot-fabrikken.com/space-management-og-booking-system/,https://iot-fabrikken.com/da/moduler/space-management/,cross-domain,proposed,iot-fabrikken.com
https://www.iot-fabrikken.com/space-management-software/,https://iot-fabrikken.com/da/moduler/space-management/,cross-domain,proposed,iot-fabrikken.com
https://www.iot-fabrikken.com/space-management/,https://iot-fabrikken.com/da/moduler/space-management/,cross-domain,proposed,iot-fabrikken.com
https://www.iot-fabrikken.com/tak-for-din-henvendelse/,https://iot-fabrikken.com/da/kontakt/,cross-domain,proposed,iot-fabrikken.com
https://www.iot-fabrikken.com/use-cases/,https://iot-fabrikken.com/da/artikler/,cross-domain,proposed,iot-fabrikken.com
https://www.iot-fabrikken.com/water-detection/,https://iot-fabrikken.com/da/moduler/water-detection/,cross-domain,proposed,iot-fabrikken.com
https://iot-fabrikken.de/,https://iot-fabrikken.com/de/,cross-domain,proposed,iot-fabrikken.de
https://iot-fabrikken.de/allgemeine-geschaeftsbedingungen/,https://iot-fabrikken.com/de/rechtliches/agb/,cross-domain,proposed,iot-fabrikken.de
https://iot-fabrikken.de/angebot-einholen/,https://iot-fabrikken.com/de/angebot-einholen/,cross-domain,proposed,iot-fabrikken.de
https://iot-fabrikken.de/arbeitsstationen/,https://iot-fabrikken.com/de/module/space-management/,cross-domain,proposed,iot-fabrikken.de
https://iot-fabrikken.de/archivistica/,https://iot-fabrikken.com/de/veranstaltungen/archivistica/,cross-domain,proposed,iot-fabrikken.de
https://iot-fabrikken.de/author/lars/,https://iot-fabrikken.com/de/ueber-uns/,cross-domain,proposed,iot-fabrikken.de
https://iot-fabrikken.de/cafm/,https://iot-fabrikken.com/de/branchen/fm-companies/,cross-domain,proposed,iot-fabrikken.de
https://iot-fabrikken.de/case/archdiocese-of-freiburg/,https://iot-fabrikken.com/de/referenzen/archdiocese-of-freiburg/,cross-domain,proposed,iot-fabrikken.de
https://iot-fabrikken.de/case/boligselskabet-sjaelland/,https://iot-fabrikken.com/de/referenzen/boligselskabet-sjaelland/,cross-domain,proposed,iot-fabrikken.de
https://iot-fabrikken.de/case/dansk-industri/,https://iot-fabrikken.com/de/referenzen/dansk-industri/,cross-domain,proposed,iot-fabrikken.de
https://iot-fabrikken.de/case/data-skal-dimensionere-nyt-raadhus-rigtigt/,https://iot-fabrikken.com/de/referenzen/gribskov-municipality/,cross-domain,proposed,iot-fabrikken.de
https://iot-fabrikken.de/case/deutches-museum-nordschleswig/,https://iot-fabrikken.com/de/referenzen/deutsches-museum-nordschleswig/,cross-domain,proposed,iot-fabrikken.de
https://iot-fabrikken.de/case/deutsches-museum-nordschleswig/,https://iot-fabrikken.com/de/referenzen/deutsches-museum-nordschleswig/,cross-domain,proposed,iot-fabrikken.de
https://iot-fabrikken.de/case/erzdioezese-freiburg/,https://iot-fabrikken.com/de/referenzen/archdiocese-of-freiburg/,cross-domain,proposed,iot-fabrikken.de
https://iot-fabrikken.de/case/evangelische-kirche-in-hessen-und-nassau/,https://iot-fabrikken.com/de/referenzen/evangelische-kirche-in-hessen-und-nassau/,cross-domain,proposed,iot-fabrikken.de
https://iot-fabrikken.de/case/faaborg-museum/,https://iot-fabrikken.com/de/referenzen/faaborg-museum/,cross-domain,proposed,iot-fabrikken.de
https://iot-fabrikken.de/case/gribskov-kommune/,https://iot-fabrikken.com/de/referenzen/gribskov-kommune/,cross-domain,proposed,iot-fabrikken.de
https://iot-fabrikken.de/case/gribskov-municipality/,https://iot-fabrikken.com/de/referenzen/gribskov-municipality/,cross-domain,proposed,iot-fabrikken.de
https://iot-fabrikken.de/case/hj-energi/,https://iot-fabrikken.com/de/referenzen/hj-energi/,cross-domain,proposed,iot-fabrikken.de
https://iot-fabrikken.de/case/holbaek-kommune/,https://iot-fabrikken.com/de/referenzen/holbaek-kommune/,cross-domain,proposed,iot-fabrikken.de
https://iot-fabrikken.de/case/kommune-norddjurs/,https://iot-fabrikken.com/de/referenzen/norddjurs-municipality/,cross-domain,proposed,iot-fabrikken.de
https://iot-fabrikken.de/case/kommune-varde/,https://iot-fabrikken.com/de/referenzen/varde-municipality/,cross-domain,proposed,iot-fabrikken.de
https://iot-fabrikken.de/case/norddjurs-kommun/,https://iot-fabrikken.com/de/referenzen/norddjurs-municipality/,cross-domain,proposed,iot-fabrikken.de
https://iot-fabrikken.de/case/norddjurs-municipality/,https://iot-fabrikken.com/de/referenzen/norddjurs-municipality/,cross-domain,proposed,iot-fabrikken.de
https://iot-fabrikken.de/case/rudersdal-museer/,https://iot-fabrikken.com/de/referenzen/rudersdal-museer/,cross-domain,proposed,iot-fabrikken.de
https://iot-fabrikken.de/case/skade-teknik/,https://iot-fabrikken.com/de/referenzen/skade-teknik/,cross-domain,proposed,iot-fabrikken.de
https://iot-fabrikken.de/case/solroed-kommune/,https://iot-fabrikken.com/de/referenzen/solroed-kommune/,cross-domain,proposed,iot-fabrikken.de
https://iot-fabrikken.de/case/sweco-6/,https://iot-fabrikken.com/de/referenzen/sweco/,cross-domain,proposed,iot-fabrikken.de
https://iot-fabrikken.de/case/sweco/,https://iot-fabrikken.com/de/referenzen/sweco/,cross-domain,proposed,iot-fabrikken.de
https://iot-fabrikken.de/case/varde-kommun/,https://iot-fabrikken.com/de/referenzen/varde-municipality/,cross-domain,proposed,iot-fabrikken.de
https://iot-fabrikken.de/case/varde-kommune-3/,https://iot-fabrikken.com/de/referenzen/varde-municipality/,cross-domain,proposed,iot-fabrikken.de
https://iot-fabrikken.de/case/varde-municipality/,https://iot-fabrikken.com/de/referenzen/varde-municipality/,cross-domain,proposed,iot-fabrikken.de
https://iot-fabrikken.de/case/vejen-kommune/,https://iot-fabrikken.com/de/referenzen/vejen-kommune/,cross-domain,proposed,iot-fabrikken.de
https://iot-fabrikken.de/case/zealand-erhvervsakademi/,https://iot-fabrikken.com/de/referenzen/zealand-erhvervsakademi/,cross-domain,proposed,iot-fabrikken.de
https://iot-fabrikken.de/category/raumklima/,https://iot-fabrikken.com/de/module/raumklima/,cross-domain,proposed,iot-fabrikken.de
https://iot-fabrikken.de/danke-fuer-ihre-anfrage/,https://iot-fabrikken.com/de/kontakt/,cross-domain,proposed,iot-fabrikken.de
https://iot-fabrikken.de/demo-buchen/,https://iot-fabrikken.com/de/kontakt/demo-buchen/,cross-domain,proposed,iot-fabrikken.de
https://iot-fabrikken.de/epbd/,https://iot-fabrikken.com/de/wissenszentrum/,cross-domain,proposed,iot-fabrikken.de
https://iot-fabrikken.de/hybride-arbeitsplatz/,https://iot-fabrikken.com/de/module/space-management/,cross-domain,proposed,iot-fabrikken.de
https://iot-fabrikken.de/impressum/,https://iot-fabrikken.com/de/rechtliches/impressum/,cross-domain,proposed,iot-fabrikken.de
https://iot-fabrikken.de/innenraumklima-in-kirchen/,https://iot-fabrikken.com/de/branchen/kirchen/,cross-domain,proposed,iot-fabrikken.de
https://iot-fabrikken.de/jobs-bei-iot/,https://iot-fabrikken.com/de/ueber-uns/karriere/,cross-domain,proposed,iot-fabrikken.de
https://iot-fabrikken.de/klassenzimmern-und-einrichtungen/,https://iot-fabrikken.com/de/branchen/schulen/,cross-domain,proposed,iot-fabrikken.de
https://iot-fabrikken.de/kontakt/,https://iot-fabrikken.com/de/kontakt/,cross-domain,proposed,iot-fabrikken.de
https://iot-fabrikken.de/kostenoptimierung/,https://iot-fabrikken.com/de/roi/,cross-domain,proposed,iot-fabrikken.de
https://iot-fabrikken.de/partner/,https://iot-fabrikken.com/de/ueber-uns/partner/,cross-domain,proposed,iot-fabrikken.de
https://iot-fabrikken.de/privacy-policy/,https://iot-fabrikken.com/de/rechtliches/datenschutz/,cross-domain,proposed,iot-fabrikken.de
https://iot-fabrikken.de/produktblaetter/,https://iot-fabrikken.com/de/sensoren/produktdatenblaetter/,cross-domain,proposed,iot-fabrikken.de
https://iot-fabrikken.de/projekte/,https://iot-fabrikken.com/de/referenzen/,cross-domain,proposed,iot-fabrikken.de
https://iot-fabrikken.de/projekte/archdiocese-of-freiburg/,https://iot-fabrikken.com/de/referenzen/archdiocese-of-freiburg/,cross-domain,proposed,iot-fabrikken.de
https://iot-fabrikken.de/projekte/boligselskabet-sjaelland/,https://iot-fabrikken.com/de/referenzen/boligselskabet-sjaelland/,cross-domain,proposed,iot-fabrikken.de
https://iot-fabrikken.de/projekte/dansk-industri/,https://iot-fabrikken.com/de/referenzen/dansk-industri/,cross-domain,proposed,iot-fabrikken.de
https://iot-fabrikken.de/projekte/deutsches-museum-nordschleswig/,https://iot-fabrikken.com/de/referenzen/deutsches-museum-nordschleswig/,cross-domain,proposed,iot-fabrikken.de
https://iot-fabrikken.de/projekte/evangelische-kirche-in-hessen-und-nassau/,https://iot-fabrikken.com/de/referenzen/evangelische-kirche-in-hessen-und-nassau/,cross-domain,proposed,iot-fabrikken.de
https://iot-fabrikken.de/projekte/faaborg-museum/,https://iot-fabrikken.com/de/referenzen/faaborg-museum/,cross-domain,proposed,iot-fabrikken.de
https://iot-fabrikken.de/projekte/gribskov-kommune/,https://iot-fabrikken.com/de/referenzen/gribskov-kommune/,cross-domain,proposed,iot-fabrikken.de
https://iot-fabrikken.de/projekte/gribskov-municipality/,https://iot-fabrikken.com/de/referenzen/gribskov-municipality/,cross-domain,proposed,iot-fabrikken.de
https://iot-fabrikken.de/projekte/hj-energi/,https://iot-fabrikken.com/de/referenzen/hj-energi/,cross-domain,proposed,iot-fabrikken.de
https://iot-fabrikken.de/projekte/holbaek-kommune/,https://iot-fabrikken.com/de/referenzen/holbaek-kommune/,cross-domain,proposed,iot-fabrikken.de
https://iot-fabrikken.de/projekte/norddjurs-municipality/,https://iot-fabrikken.com/de/referenzen/norddjurs-municipality/,cross-domain,proposed,iot-fabrikken.de
https://iot-fabrikken.de/projekte/rudersdal-museer/,https://iot-fabrikken.com/de/referenzen/rudersdal-museer/,cross-domain,proposed,iot-fabrikken.de
https://iot-fabrikken.de/projekte/skade-teknik/,https://iot-fabrikken.com/de/referenzen/skade-teknik/,cross-domain,proposed,iot-fabrikken.de
https://iot-fabrikken.de/projekte/solroed-kommune/,https://iot-fabrikken.com/de/referenzen/solroed-kommune/,cross-domain,proposed,iot-fabrikken.de
https://iot-fabrikken.de/projekte/sweco/,https://iot-fabrikken.com/de/referenzen/sweco/,cross-domain,proposed,iot-fabrikken.de
https://iot-fabrikken.de/projekte/varde-municipality/,https://iot-fabrikken.com/de/referenzen/varde-municipality/,cross-domain,proposed,iot-fabrikken.de
https://iot-fabrikken.de/projekte/vejen-kommune/,https://iot-fabrikken.com/de/referenzen/vejen-kommune/,cross-domain,proposed,iot-fabrikken.de
https://iot-fabrikken.de/projekte/zealand-erhvervsakademi/,https://iot-fabrikken.com/de/referenzen/zealand-erhvervsakademi/,cross-domain,proposed,iot-fabrikken.de
https://iot-fabrikken.de/raumklima-in-bildungseinrichtungen/,https://iot-fabrikken.com/de/branchen/schulen/,cross-domain,proposed,iot-fabrikken.de
https://iot-fabrikken.de/raumklima-in-bueros/,https://iot-fabrikken.com/de/branchen/bueros/,cross-domain,proposed,iot-fabrikken.de
https://iot-fabrikken.de/raumklima-messgerat/,https://iot-fabrikken.com/de/sensoren/,cross-domain,proposed,iot-fabrikken.de
https://iot-fabrikken.de/raumklima/,https://iot-fabrikken.com/de/module/raumklima/,cross-domain,proposed,iot-fabrikken.de
https://iot-fabrikken.de/sitemap/,https://iot-fabrikken.com/de/,cross-domain,proposed,iot-fabrikken.de
https://iot-fabrikken.de/space-management-in-besprechungsraeumen/,https://iot-fabrikken.com/de/module/space-management/,cross-domain,proposed,iot-fabrikken.de
https://iot-fabrikken.de/space-management-software/,https://iot-fabrikken.com/de/module/space-management/,cross-domain,proposed,iot-fabrikken.de
https://iot-fabrikken.de/space-management-und-buchungssystem/,https://iot-fabrikken.com/de/module/space-management/,cross-domain,proposed,iot-fabrikken.de
https://iot-fabrikken.de/space-management/,https://iot-fabrikken.com/de/module/space-management/,cross-domain,proposed,iot-fabrikken.de
https://iot-fabrikken.de/uber-uns/,https://iot-fabrikken.com/de/ueber-uns/,cross-domain,proposed,iot-fabrikken.de
https://iot-fabrikken.de/vdi-6022-hygienestandard-was-betreiber-wissen-muessen-und-wie-digitalisierung-hilft/,https://iot-fabrikken.com/de/wissenszentrum/,cross-domain,proposed,iot-fabrikken.de
https://iot-fabrikken.de/wissenszentrum/,https://iot-fabrikken.com/de/wissenszentrum/,cross-domain,proposed,iot-fabrikken.de
https://iot-fabrikken.se/,https://iot-fabrikken.com/sv/,cross-domain,proposed,iot-fabrikken.se
https://iot-fabrikken.se/allmanna-villkor/,https://iot-fabrikken.com/sv/juridik/villkor/,cross-domain,proposed,iot-fabrikken.se
https://iot-fabrikken.se/arbetsstation/,https://iot-fabrikken.com/sv/moduler/space-management/,cross-domain,proposed,iot-fabrikken.se
https://iot-fabrikken.se/boka-en-demo/,https://iot-fabrikken.com/sv/kontakt/boka-demo/,cross-domain,proposed,iot-fabrikken.se
https://iot-fabrikken.se/cafm/,https://iot-fabrikken.com/sv/branscher/fm-companies/,cross-domain,proposed,iot-fabrikken.se
https://iot-fabrikken.se/case/archdiocese-of-freiburg/,https://iot-fabrikken.com/sv/projekt/archdiocese-of-freiburg/,cross-domain,proposed,iot-fabrikken.se
https://iot-fabrikken.se/case/boligselskabet-sjaelland/,https://iot-fabrikken.com/sv/projekt/boligselskabet-sjaelland/,cross-domain,proposed,iot-fabrikken.se
https://iot-fabrikken.se/case/dansk-industri/,https://iot-fabrikken.com/sv/projekt/dansk-industri/,cross-domain,proposed,iot-fabrikken.se
https://iot-fabrikken.se/case/data-skal-dimensionere-nyt-raadhus-rigtigt/,https://iot-fabrikken.com/sv/projekt/gribskov-municipality/,cross-domain,proposed,iot-fabrikken.se
https://iot-fabrikken.se/case/deutches-museum-nordschleswig/,https://iot-fabrikken.com/sv/projekt/deutsches-museum-nordschleswig/,cross-domain,proposed,iot-fabrikken.se
https://iot-fabrikken.se/case/deutsches-museum-nordschleswig/,https://iot-fabrikken.com/sv/projekt/deutsches-museum-nordschleswig/,cross-domain,proposed,iot-fabrikken.se
https://iot-fabrikken.se/case/erzdioezese-freiburg/,https://iot-fabrikken.com/sv/projekt/archdiocese-of-freiburg/,cross-domain,proposed,iot-fabrikken.se
https://iot-fabrikken.se/case/evangelische-kirche-in-hessen-und-nassau/,https://iot-fabrikken.com/sv/projekt/evangelische-kirche-in-hessen-und-nassau/,cross-domain,proposed,iot-fabrikken.se
https://iot-fabrikken.se/case/faaborg-museum/,https://iot-fabrikken.com/sv/projekt/faaborg-museum/,cross-domain,proposed,iot-fabrikken.se
https://iot-fabrikken.se/case/gribskov-kommune/,https://iot-fabrikken.com/sv/projekt/gribskov-kommune/,cross-domain,proposed,iot-fabrikken.se
https://iot-fabrikken.se/case/gribskov-municipality/,https://iot-fabrikken.com/sv/projekt/gribskov-municipality/,cross-domain,proposed,iot-fabrikken.se
https://iot-fabrikken.se/case/hj-energi/,https://iot-fabrikken.com/sv/projekt/hj-energi/,cross-domain,proposed,iot-fabrikken.se
https://iot-fabrikken.se/case/holbaek-kommune/,https://iot-fabrikken.com/sv/projekt/holbaek-kommune/,cross-domain,proposed,iot-fabrikken.se
https://iot-fabrikken.se/case/kommune-norddjurs/,https://iot-fabrikken.com/sv/projekt/norddjurs-municipality/,cross-domain,proposed,iot-fabrikken.se
https://iot-fabrikken.se/case/kommune-varde/,https://iot-fabrikken.com/sv/projekt/varde-municipality/,cross-domain,proposed,iot-fabrikken.se
https://iot-fabrikken.se/case/norddjurs-kommun/,https://iot-fabrikken.com/sv/projekt/norddjurs-municipality/,cross-domain,proposed,iot-fabrikken.se
https://iot-fabrikken.se/case/norddjurs-municipality/,https://iot-fabrikken.com/sv/projekt/norddjurs-municipality/,cross-domain,proposed,iot-fabrikken.se
https://iot-fabrikken.se/case/rudersdal-museer/,https://iot-fabrikken.com/sv/projekt/rudersdal-museer/,cross-domain,proposed,iot-fabrikken.se
https://iot-fabrikken.se/case/skade-teknik/,https://iot-fabrikken.com/sv/projekt/skade-teknik/,cross-domain,proposed,iot-fabrikken.se
https://iot-fabrikken.se/case/solroed-kommune/,https://iot-fabrikken.com/sv/projekt/solroed-kommune/,cross-domain,proposed,iot-fabrikken.se
https://iot-fabrikken.se/case/sweco-6/,https://iot-fabrikken.com/sv/projekt/sweco/,cross-domain,proposed,iot-fabrikken.se
https://iot-fabrikken.se/case/sweco/,https://iot-fabrikken.com/sv/projekt/sweco/,cross-domain,proposed,iot-fabrikken.se
https://iot-fabrikken.se/case/varde-kommun/,https://iot-fabrikken.com/sv/projekt/varde-municipality/,cross-domain,proposed,iot-fabrikken.se
https://iot-fabrikken.se/case/varde-kommune-3/,https://iot-fabrikken.com/sv/projekt/varde-municipality/,cross-domain,proposed,iot-fabrikken.se
https://iot-fabrikken.se/case/varde-municipality/,https://iot-fabrikken.com/sv/projekt/varde-municipality/,cross-domain,proposed,iot-fabrikken.se
https://iot-fabrikken.se/case/vejen-kommune/,https://iot-fabrikken.com/sv/projekt/vejen-kommune/,cross-domain,proposed,iot-fabrikken.se
https://iot-fabrikken.se/case/zealand-erhvervsakademi/,https://iot-fabrikken.com/sv/projekt/zealand-erhvervsakademi/,cross-domain,proposed,iot-fabrikken.se
https://iot-fabrikken.se/epbd/,https://iot-fabrikken.com/sv/artiklar/,cross-domain,proposed,iot-fabrikken.se
https://iot-fabrikken.se/faa-en-offert/,https://iot-fabrikken.com/sv/faa-en-offert/,cross-domain,proposed,iot-fabrikken.se
https://iot-fabrikken.se/hybrida-arbetsplatsen/,https://iot-fabrikken.com/sv/moduler/space-management/,cross-domain,proposed,iot-fabrikken.se
https://iot-fabrikken.se/inomhusklimat-i-kyrkor/,https://iot-fabrikken.com/sv/branscher/kyrkor/,cross-domain,proposed,iot-fabrikken.se
https://iot-fabrikken.se/inomhusklimat-pa-kontor/,https://iot-fabrikken.com/sv/branscher/kontor/,cross-domain,proposed,iot-fabrikken.se
https://iot-fabrikken.se/inomhusklimat-pa-utbildningsinstitutioner/,https://iot-fabrikken.com/sv/branscher/skolor/,cross-domain,proposed,iot-fabrikken.se
https://iot-fabrikken.se/inomhusklimat/,https://iot-fabrikken.com/sv/moduler/inomhusklimat/,cross-domain,proposed,iot-fabrikken.se
https://iot-fabrikken.se/inomhusklimatmatare/,https://iot-fabrikken.com/sv/sensorer/,cross-domain,proposed,iot-fabrikken.se
https://iot-fabrikken.se/jobb-hos-iot-fabrikken/,https://iot-fabrikken.com/sv/om-oss/karriar/,cross-domain,proposed,iot-fabrikken.se
https://iot-fabrikken.se/klassrum-och-institutioner/,https://iot-fabrikken.com/sv/branscher/skolor/,cross-domain,proposed,iot-fabrikken.se
https://iot-fabrikken.se/kontakt/,https://iot-fabrikken.com/sv/kontakt/,cross-domain,proposed,iot-fabrikken.se
https://iot-fabrikken.se/kostnadsoptimering/,https://iot-fabrikken.com/sv/roi/,cross-domain,proposed,iot-fabrikken.se
https://iot-fabrikken.se/om-oss/,https://iot-fabrikken.com/sv/om-oss/,cross-domain,proposed,iot-fabrikken.se
https://iot-fabrikken.se/partner/,https://iot-fabrikken.com/sv/om-oss/partner/,cross-domain,proposed,iot-fabrikken.se
https://iot-fabrikken.se/privacy-policy/,https://iot-fabrikken.com/sv/juridik/integritetspolicy/,cross-domain,proposed,iot-fabrikken.se
https://iot-fabrikken.se/produktblad/,https://iot-fabrikken.com/sv/sensorer/produktblad/,cross-domain,proposed,iot-fabrikken.se
https://iot-fabrikken.se/projekt/,https://iot-fabrikken.com/sv/projekt/,cross-domain,proposed,iot-fabrikken.se
https://iot-fabrikken.se/sensorer/,https://iot-fabrikken.com/sv/sensorer/,cross-domain,proposed,iot-fabrikken.se
https://iot-fabrikken.se/sitemap/,https://iot-fabrikken.com/sv/,cross-domain,proposed,iot-fabrikken.se
https://iot-fabrikken.se/space-management-i-motesrum/,https://iot-fabrikken.com/sv/moduler/space-management/,cross-domain,proposed,iot-fabrikken.se
https://iot-fabrikken.se/space-management-och-bokningssystem/,https://iot-fabrikken.com/sv/moduler/space-management/,cross-domain,proposed,iot-fabrikken.se
https://iot-fabrikken.se/space-management-software/,https://iot-fabrikken.com/sv/moduler/space-management/,cross-domain,proposed,iot-fabrikken.se
https://iot-fabrikken.se/space-management/,https://iot-fabrikken.com/sv/moduler/space-management/,cross-domain,proposed,iot-fabrikken.se
https://iot-fabrikken.se/tack-for-din-forfragan/,https://iot-fabrikken.com/sv/kontakt/,cross-domain,proposed,iot-fabrikken.se
https://www.iot-fabrikken.se/,https://iot-fabrikken.com/sv/,cross-domain,proposed,iot-fabrikken.se
https://www.iot-fabrikken.se/allmanna-villkor/,https://iot-fabrikken.com/sv/juridik/villkor/,cross-domain,proposed,iot-fabrikken.se
https://www.iot-fabrikken.se/arbetsstation/,https://iot-fabrikken.com/sv/moduler/space-management/,cross-domain,proposed,iot-fabrikken.se
https://www.iot-fabrikken.se/boka-en-demo/,https://iot-fabrikken.com/sv/kontakt/boka-demo/,cross-domain,proposed,iot-fabrikken.se
https://www.iot-fabrikken.se/cafm/,https://iot-fabrikken.com/sv/branscher/fm-companies/,cross-domain,proposed,iot-fabrikken.se
https://www.iot-fabrikken.se/case/archdiocese-of-freiburg/,https://iot-fabrikken.com/sv/projekt/archdiocese-of-freiburg/,cross-domain,proposed,iot-fabrikken.se
https://www.iot-fabrikken.se/case/boligselskabet-sjaelland/,https://iot-fabrikken.com/sv/projekt/boligselskabet-sjaelland/,cross-domain,proposed,iot-fabrikken.se
https://www.iot-fabrikken.se/case/dansk-industri/,https://iot-fabrikken.com/sv/projekt/dansk-industri/,cross-domain,proposed,iot-fabrikken.se
https://www.iot-fabrikken.se/case/data-skal-dimensionere-nyt-raadhus-rigtigt/,https://iot-fabrikken.com/sv/projekt/gribskov-municipality/,cross-domain,proposed,iot-fabrikken.se
https://www.iot-fabrikken.se/case/deutches-museum-nordschleswig/,https://iot-fabrikken.com/sv/projekt/deutsches-museum-nordschleswig/,cross-domain,proposed,iot-fabrikken.se
https://www.iot-fabrikken.se/case/deutsches-museum-nordschleswig/,https://iot-fabrikken.com/sv/projekt/deutsches-museum-nordschleswig/,cross-domain,proposed,iot-fabrikken.se
https://www.iot-fabrikken.se/case/erzdioezese-freiburg/,https://iot-fabrikken.com/sv/projekt/archdiocese-of-freiburg/,cross-domain,proposed,iot-fabrikken.se
https://www.iot-fabrikken.se/case/evangelische-kirche-in-hessen-und-nassau/,https://iot-fabrikken.com/sv/projekt/evangelische-kirche-in-hessen-und-nassau/,cross-domain,proposed,iot-fabrikken.se
https://www.iot-fabrikken.se/case/faaborg-museum/,https://iot-fabrikken.com/sv/projekt/faaborg-museum/,cross-domain,proposed,iot-fabrikken.se
https://www.iot-fabrikken.se/case/gribskov-kommune/,https://iot-fabrikken.com/sv/projekt/gribskov-kommune/,cross-domain,proposed,iot-fabrikken.se
https://www.iot-fabrikken.se/case/gribskov-municipality/,https://iot-fabrikken.com/sv/projekt/gribskov-municipality/,cross-domain,proposed,iot-fabrikken.se
https://www.iot-fabrikken.se/case/hj-energi/,https://iot-fabrikken.com/sv/projekt/hj-energi/,cross-domain,proposed,iot-fabrikken.se
https://www.iot-fabrikken.se/case/holbaek-kommune/,https://iot-fabrikken.com/sv/projekt/holbaek-kommune/,cross-domain,proposed,iot-fabrikken.se
https://www.iot-fabrikken.se/case/kommune-norddjurs/,https://iot-fabrikken.com/sv/projekt/norddjurs-municipality/,cross-domain,proposed,iot-fabrikken.se
https://www.iot-fabrikken.se/case/kommune-varde/,https://iot-fabrikken.com/sv/projekt/varde-municipality/,cross-domain,proposed,iot-fabrikken.se
https://www.iot-fabrikken.se/case/norddjurs-kommun/,https://iot-fabrikken.com/sv/projekt/norddjurs-municipality/,cross-domain,proposed,iot-fabrikken.se
https://www.iot-fabrikken.se/case/norddjurs-municipality/,https://iot-fabrikken.com/sv/projekt/norddjurs-municipality/,cross-domain,proposed,iot-fabrikken.se
https://www.iot-fabrikken.se/case/rudersdal-museer/,https://iot-fabrikken.com/sv/projekt/rudersdal-museer/,cross-domain,proposed,iot-fabrikken.se
https://www.iot-fabrikken.se/case/skade-teknik/,https://iot-fabrikken.com/sv/projekt/skade-teknik/,cross-domain,proposed,iot-fabrikken.se
https://www.iot-fabrikken.se/case/solroed-kommune/,https://iot-fabrikken.com/sv/projekt/solroed-kommune/,cross-domain,proposed,iot-fabrikken.se
https://www.iot-fabrikken.se/case/sweco-6/,https://iot-fabrikken.com/sv/projekt/sweco/,cross-domain,proposed,iot-fabrikken.se
https://www.iot-fabrikken.se/case/sweco/,https://iot-fabrikken.com/sv/projekt/sweco/,cross-domain,proposed,iot-fabrikken.se
https://www.iot-fabrikken.se/case/varde-kommun/,https://iot-fabrikken.com/sv/projekt/varde-municipality/,cross-domain,proposed,iot-fabrikken.se
https://www.iot-fabrikken.se/case/varde-kommune-3/,https://iot-fabrikken.com/sv/projekt/varde-municipality/,cross-domain,proposed,iot-fabrikken.se
https://www.iot-fabrikken.se/case/varde-municipality/,https://iot-fabrikken.com/sv/projekt/varde-municipality/,cross-domain,proposed,iot-fabrikken.se
https://www.iot-fabrikken.se/case/vejen-kommune/,https://iot-fabrikken.com/sv/projekt/vejen-kommune/,cross-domain,proposed,iot-fabrikken.se
https://www.iot-fabrikken.se/case/zealand-erhvervsakademi/,https://iot-fabrikken.com/sv/projekt/zealand-erhvervsakademi/,cross-domain,proposed,iot-fabrikken.se
https://www.iot-fabrikken.se/epbd/,https://iot-fabrikken.com/sv/artiklar/,cross-domain,proposed,iot-fabrikken.se
https://www.iot-fabrikken.se/faa-en-offert/,https://iot-fabrikken.com/sv/faa-en-offert/,cross-domain,proposed,iot-fabrikken.se
https://www.iot-fabrikken.se/hybrida-arbetsplatsen/,https://iot-fabrikken.com/sv/moduler/space-management/,cross-domain,proposed,iot-fabrikken.se
https://www.iot-fabrikken.se/inomhusklimat-i-kyrkor/,https://iot-fabrikken.com/sv/branscher/kyrkor/,cross-domain,proposed,iot-fabrikken.se
https://www.iot-fabrikken.se/inomhusklimat-pa-kontor/,https://iot-fabrikken.com/sv/branscher/kontor/,cross-domain,proposed,iot-fabrikken.se
https://www.iot-fabrikken.se/inomhusklimat-pa-utbildningsinstitutioner/,https://iot-fabrikken.com/sv/branscher/skolor/,cross-domain,proposed,iot-fabrikken.se
https://www.iot-fabrikken.se/inomhusklimat/,https://iot-fabrikken.com/sv/moduler/inomhusklimat/,cross-domain,proposed,iot-fabrikken.se
https://www.iot-fabrikken.se/inomhusklimatmatare/,https://iot-fabrikken.com/sv/sensorer/,cross-domain,proposed,iot-fabrikken.se
https://www.iot-fabrikken.se/jobb-hos-iot-fabrikken/,https://iot-fabrikken.com/sv/om-oss/karriar/,cross-domain,proposed,iot-fabrikken.se
https://www.iot-fabrikken.se/klassrum-och-institutioner/,https://iot-fabrikken.com/sv/branscher/skolor/,cross-domain,proposed,iot-fabrikken.se
https://www.iot-fabrikken.se/kontakt/,https://iot-fabrikken.com/sv/kontakt/,cross-domain,proposed,iot-fabrikken.se
https://www.iot-fabrikken.se/kostnadsoptimering/,https://iot-fabrikken.com/sv/roi/,cross-domain,proposed,iot-fabrikken.se
https://www.iot-fabrikken.se/om-oss/,https://iot-fabrikken.com/sv/om-oss/,cross-domain,proposed,iot-fabrikken.se
https://www.iot-fabrikken.se/partner/,https://iot-fabrikken.com/sv/om-oss/partner/,cross-domain,proposed,iot-fabrikken.se
https://www.iot-fabrikken.se/privacy-policy/,https://iot-fabrikken.com/sv/juridik/integritetspolicy/,cross-domain,proposed,iot-fabrikken.se
https://www.iot-fabrikken.se/produktblad/,https://iot-fabrikken.com/sv/sensorer/produktblad/,cross-domain,proposed,iot-fabrikken.se
https://www.iot-fabrikken.se/projekt/,https://iot-fabrikken.com/sv/projekt/,cross-domain,proposed,iot-fabrikken.se
https://www.iot-fabrikken.se/sensorer/,https://iot-fabrikken.com/sv/sensorer/,cross-domain,proposed,iot-fabrikken.se
https://www.iot-fabrikken.se/sitemap/,https://iot-fabrikken.com/sv/,cross-domain,proposed,iot-fabrikken.se
https://www.iot-fabrikken.se/space-management-i-motesrum/,https://iot-fabrikken.com/sv/moduler/space-management/,cross-domain,proposed,iot-fabrikken.se
https://www.iot-fabrikken.se/space-management-och-bokningssystem/,https://iot-fabrikken.com/sv/moduler/space-management/,cross-domain,proposed,iot-fabrikken.se
https://www.iot-fabrikken.se/space-management-software/,https://iot-fabrikken.com/sv/moduler/space-management/,cross-domain,proposed,iot-fabrikken.se
https://www.iot-fabrikken.se/space-management/,https://iot-fabrikken.com/sv/moduler/space-management/,cross-domain,proposed,iot-fabrikken.se
https://www.iot-fabrikken.se/tack-for-din-forfragan/,https://iot-fabrikken.com/sv/kontakt/,cross-domain,proposed,iot-fabrikken.se
https://iot-fabrikken.uk/,https://iot-fabrikken.com/en/,cross-domain,proposed,iot-fabrikken.uk
https://iot-fabrikken.uk/about-us/,https://iot-fabrikken.com/en/about/,cross-domain,proposed,iot-fabrikken.uk
https://iot-fabrikken.uk/author/acend/,https://iot-fabrikken.com/en/about/,cross-domain,proposed,iot-fabrikken.uk
https://iot-fabrikken.uk/book-a-demo/,https://iot-fabrikken.com/en/contact/book-demo/,cross-domain,proposed,iot-fabrikken.uk
https://iot-fabrikken.uk/cafm/,https://iot-fabrikken.com/en/industries/fm-companies/,cross-domain,proposed,iot-fabrikken.uk
https://iot-fabrikken.uk/case/archdiocese-of-freiburg/,https://iot-fabrikken.com/en/case-studies/archdiocese-of-freiburg/,cross-domain,proposed,iot-fabrikken.uk
https://iot-fabrikken.uk/case/boligselskabet-sjaelland/,https://iot-fabrikken.com/en/case-studies/boligselskabet-sjaelland/,cross-domain,proposed,iot-fabrikken.uk
https://iot-fabrikken.uk/case/dansk-industri/,https://iot-fabrikken.com/en/case-studies/dansk-industri/,cross-domain,proposed,iot-fabrikken.uk
https://iot-fabrikken.uk/case/data-skal-dimensionere-nyt-raadhus-rigtigt/,https://iot-fabrikken.com/en/case-studies/gribskov-municipality/,cross-domain,proposed,iot-fabrikken.uk
https://iot-fabrikken.uk/case/deutches-museum-nordschleswig/,https://iot-fabrikken.com/en/case-studies/deutsches-museum-nordschleswig/,cross-domain,proposed,iot-fabrikken.uk
https://iot-fabrikken.uk/case/deutsches-museum-nordschleswig/,https://iot-fabrikken.com/en/case-studies/deutsches-museum-nordschleswig/,cross-domain,proposed,iot-fabrikken.uk
https://iot-fabrikken.uk/case/erzdioezese-freiburg/,https://iot-fabrikken.com/en/case-studies/archdiocese-of-freiburg/,cross-domain,proposed,iot-fabrikken.uk
https://iot-fabrikken.uk/case/evangelische-kirche-in-hessen-und-nassau/,https://iot-fabrikken.com/en/case-studies/evangelische-kirche-in-hessen-und-nassau/,cross-domain,proposed,iot-fabrikken.uk
https://iot-fabrikken.uk/case/faaborg-museum/,https://iot-fabrikken.com/en/case-studies/faaborg-museum/,cross-domain,proposed,iot-fabrikken.uk
https://iot-fabrikken.uk/case/gribskov-kommune/,https://iot-fabrikken.com/en/case-studies/gribskov-kommune/,cross-domain,proposed,iot-fabrikken.uk
https://iot-fabrikken.uk/case/gribskov-municipality/,https://iot-fabrikken.com/en/case-studies/gribskov-municipality/,cross-domain,proposed,iot-fabrikken.uk
https://iot-fabrikken.uk/case/hj-energi/,https://iot-fabrikken.com/en/case-studies/hj-energi/,cross-domain,proposed,iot-fabrikken.uk
https://iot-fabrikken.uk/case/holbaek-kommune/,https://iot-fabrikken.com/en/case-studies/holbaek-kommune/,cross-domain,proposed,iot-fabrikken.uk
https://iot-fabrikken.uk/case/kommune-norddjurs/,https://iot-fabrikken.com/en/case-studies/norddjurs-municipality/,cross-domain,proposed,iot-fabrikken.uk
https://iot-fabrikken.uk/case/kommune-varde/,https://iot-fabrikken.com/en/case-studies/varde-municipality/,cross-domain,proposed,iot-fabrikken.uk
https://iot-fabrikken.uk/case/norddjurs-kommun/,https://iot-fabrikken.com/en/case-studies/norddjurs-municipality/,cross-domain,proposed,iot-fabrikken.uk
https://iot-fabrikken.uk/case/norddjurs-municipality/,https://iot-fabrikken.com/en/case-studies/norddjurs-municipality/,cross-domain,proposed,iot-fabrikken.uk
https://iot-fabrikken.uk/case/rudersdal-museer/,https://iot-fabrikken.com/en/case-studies/rudersdal-museer/,cross-domain,proposed,iot-fabrikken.uk
https://iot-fabrikken.uk/case/skade-teknik/,https://iot-fabrikken.com/en/case-studies/skade-teknik/,cross-domain,proposed,iot-fabrikken.uk
https://iot-fabrikken.uk/case/solroed-kommune/,https://iot-fabrikken.com/en/case-studies/solroed-kommune/,cross-domain,proposed,iot-fabrikken.uk
https://iot-fabrikken.uk/case/sweco-6/,https://iot-fabrikken.com/en/case-studies/sweco/,cross-domain,proposed,iot-fabrikken.uk
https://iot-fabrikken.uk/case/sweco/,https://iot-fabrikken.com/en/case-studies/sweco/,cross-domain,proposed,iot-fabrikken.uk
https://iot-fabrikken.uk/case/varde-kommun/,https://iot-fabrikken.com/en/case-studies/varde-municipality/,cross-domain,proposed,iot-fabrikken.uk
https://iot-fabrikken.uk/case/varde-kommune-3/,https://iot-fabrikken.com/en/case-studies/varde-municipality/,cross-domain,proposed,iot-fabrikken.uk
https://iot-fabrikken.uk/case/varde-municipality/,https://iot-fabrikken.com/en/case-studies/varde-municipality/,cross-domain,proposed,iot-fabrikken.uk
https://iot-fabrikken.uk/case/vejen-kommune/,https://iot-fabrikken.com/en/case-studies/vejen-kommune/,cross-domain,proposed,iot-fabrikken.uk
https://iot-fabrikken.uk/case/zealand-erhvervsakademi/,https://iot-fabrikken.com/en/case-studies/zealand-erhvervsakademi/,cross-domain,proposed,iot-fabrikken.uk
https://iot-fabrikken.uk/cases/,https://iot-fabrikken.com/en/case-studies/,cross-domain,proposed,iot-fabrikken.uk
https://iot-fabrikken.uk/category/uncategorized/,https://iot-fabrikken.com/en/articles/,cross-domain,proposed,iot-fabrikken.uk
https://iot-fabrikken.uk/contact/,https://iot-fabrikken.com/en/contact/,cross-domain,proposed,iot-fabrikken.uk
https://iot-fabrikken.uk/cost-optimisation/,https://iot-fabrikken.com/en/roi/,cross-domain,proposed,iot-fabrikken.uk
https://iot-fabrikken.uk/epbd/,https://iot-fabrikken.com/en/articles/,cross-domain,proposed,iot-fabrikken.uk
https://iot-fabrikken.uk/general-conditions/,https://iot-fabrikken.com/en/legal/terms/,cross-domain,proposed,iot-fabrikken.uk
https://iot-fabrikken.uk/get-an-offer/,https://iot-fabrikken.com/en/get-an-offer/,cross-domain,proposed,iot-fabrikken.uk
https://iot-fabrikken.uk/indoor-climate-in-churches/,https://iot-fabrikken.com/en/industries/churches/,cross-domain,proposed,iot-fabrikken.uk
https://iot-fabrikken.uk/indoor-climate-in-classrooms/,https://iot-fabrikken.com/en/industries/schools/,cross-domain,proposed,iot-fabrikken.uk
https://iot-fabrikken.uk/indoor-climate-in-educational-institutions/,https://iot-fabrikken.com/en/industries/schools/,cross-domain,proposed,iot-fabrikken.uk
https://iot-fabrikken.uk/indoor-climate-in-offices/,https://iot-fabrikken.com/en/industries/offices/,cross-domain,proposed,iot-fabrikken.uk
https://iot-fabrikken.uk/indoor-climate-sensor/,https://iot-fabrikken.com/en/sensors/,cross-domain,proposed,iot-fabrikken.uk
https://iot-fabrikken.uk/indoor-climate/,https://iot-fabrikken.com/en/modules/indoor-climate/,cross-domain,proposed,iot-fabrikken.uk
https://iot-fabrikken.uk/jobs-at-iot-fabrikken/,https://iot-fabrikken.com/en/about/careers/,cross-domain,proposed,iot-fabrikken.uk
https://iot-fabrikken.uk/knowledge-hub/,https://iot-fabrikken.com/en/articles/,cross-domain,proposed,iot-fabrikken.uk
https://iot-fabrikken.uk/partners/,https://iot-fabrikken.com/en/about/partners/,cross-domain,proposed,iot-fabrikken.uk
https://iot-fabrikken.uk/privacy-policy/,https://iot-fabrikken.com/en/legal/privacy/,cross-domain,proposed,iot-fabrikken.uk
https://iot-fabrikken.uk/product-sheets/,https://iot-fabrikken.com/en/sensors/product-sheets/,cross-domain,proposed,iot-fabrikken.uk
https://iot-fabrikken.uk/sitemap/,https://iot-fabrikken.com/en/,cross-domain,proposed,iot-fabrikken.uk
https://iot-fabrikken.uk/space-management-and-booking-systems/,https://iot-fabrikken.com/en/modules/space-management/,cross-domain,proposed,iot-fabrikken.uk
https://iot-fabrikken.uk/space-management-in-meeting-rooms/,https://iot-fabrikken.com/en/modules/space-management/,cross-domain,proposed,iot-fabrikken.uk
https://iot-fabrikken.uk/space-management-software/,https://iot-fabrikken.com/en/modules/space-management/,cross-domain,proposed,iot-fabrikken.uk
https://iot-fabrikken.uk/space-management/,https://iot-fabrikken.com/en/modules/space-management/,cross-domain,proposed,iot-fabrikken.uk
https://iot-fabrikken.uk/thank-you-for-your-inquiry/,https://iot-fabrikken.com/en/contact/,cross-domain,proposed,iot-fabrikken.uk
https://iot-fabrikken.uk/the-hybrid-workplace/,https://iot-fabrikken.com/en/modules/space-management/,cross-domain,proposed,iot-fabrikken.uk
https://iot-fabrikken.uk/vdi-6022-hygiene-standard-what-operators-need-to-know-and-how-digitalization-helps/,https://iot-fabrikken.com/en/articles/,cross-domain,proposed,iot-fabrikken.uk
https://iot-fabrikken.uk/water-detection/,https://iot-fabrikken.com/en/modules/water-detection/,cross-domain,proposed,iot-fabrikken.uk
https://iot-fabrikken.uk/work-stations/,https://iot-fabrikken.com/en/modules/space-management/,cross-domain,proposed,iot-fabrikken.uk
